Width;Height;Density;Growth-ring width;Test span;Dynamic E;Bending strength;source_file;source_row
14,99;6,13;534,67;2,33;168,00;15090,11;87,69;Size_A;1
15,52;6,00;451,31;1,69;168,00;12021,06;81,64;Size_A;2
15,54;6,02;455,58;1,67;168,00;13364,81;77,41;Size_A;3
15,67;5,99;457,10;2,03;168,00;11341,85;65,89;Size_A;4
15,60;6,04;438,11;2,08;168,00;10663,93;68,63;Size_A;5
15,58;6,03;457,39;1,27;168,00;13194,19;79,18;Size_A;6
15,62;5,97;429,36;1,94;168,00;10444,71;76,05;Size_A;7
14,99;6,05;478,25;1,88;168,00;15358,52;97,37;Size_A;8
14,86;5,96;452,31;1,87;168,00;11792,66;88,32;Size_A;9
15,06;6,05;496,90;1,70;168,00;15875,67;94,63;Size_A;10
14,90;5,78;524,88;0,73;168,00;18214,39;103,27;Size_A;11
15,03;5,86;528,50;1,44;168,00;16838,68;108,88;Size_A;12
15,07;6,04;506,04;1,79;168,00;16273,65;102,22;Size_A;13
14,86;6,00;502,75;1,30;168,00;15324,74;98,92;Size_A;14
14,88;6,22;482,96;1,30;168,00;12567,69;81,42;Size_A;15
14,95;6,18;495,30;1,02;168,00;12150,60;87,83;Size_A;16
14,86;5,95;497,74;2,13;168,00;13214,49;104,90;Size_A;17
14,97;6,08;464,23;2,09;168,00;14759,68;91,08;Size_A;18
15,02;5,93;490,06;1,46;168,00;16019,43;100,19;Size_A;19
14,95;5,96;514,48;0,96;168,00;16695,87;99,18;Size_A;20
15,05;6,20;522,37;1,47;168,00;13897,33;95,83;Size_A;21
14,96;6,08;481,05;2,20;168,00;11923,50;90,23;Size_A;22
14,97;6,19;481,59;1,31;168,00;10995,04;92,26;Size_A;23
14,86;5,98;454,05;2,53;168,00;10327,85;91,05;Size_A;24
14,95;5,95;487,04;1,30;168,00;11823,84;82,37;Size_A;25
15,26;5,82;549,49;1,03;168,00;19084,85;107,74;Size_A;26
14,74;5,80;492,58;1,89;168,00;14953,07;97,58;Size_A;27
15,01;6,16;541,73;1,31;168,00;17255,49;103,09;Size_A;28
14,95;5,95;480,13;2,11;168,00;12528,13;107,61;Size_A;29
14,98;6,06;467,12;2,11;168,00;11960,53;93,91;Size_A;30
14,98;5,97;535,16;1,45;168,00;17419,49;101,48;Size_A;31
15,13;5,73;432,47;1,97;168,00;13518,47;83,19;Size_A;32
14,86;5,71;492,67;3,27;168,00;10087,14;84,26;Size_A;33
14,74;5,99;570,27;1,47;168,00;15802,14;110,07;Size_A;34
14,94;5,39;630,97;1,66;168,00;24145,24;116,70;Size_A;35
14,82;6,07;525,91;4,30;168,00;11551,54;68,30;Size_A;36
14,93;5,78;564,22;1,61;168,00;19790,13;112,16;Size_A;37
14,92;5,90;565,84;1,67;168,00;13602,10;108,69;Size_A;38
14,91;5,76;492,29;3,68;168,00;11455,97;65,72;Size_A;39
14,90;6,10;455,26;3,37;168,00;8676,87;81,36;Size_A;40
14,90;5,61;597,62;1,51;168,00;19227,87;102,64;Size_A;41
14,83;5,41;626,08;1,64;168,00;21553,35;110,89;Size_A;42
14,89;6,09;417,90;3,04;168,00;6991,54;70,27;Size_A;43
14,92;5,91;506,00;3,52;168,00;12069,34;81,24;Size_A;44
15,05;6,12;538,15;2,81;168,00;15429,13;100,14;Size_A;45
49,93;19,99;558,76;1,31;560,00;18579,96;105,59;Size_B;1
50,00;20,00;421,83;3,16;560,00;11491,00;67,91;Size_B;2
50,00;20,00;439,60;2,88;560,00;12054,00;74,72;Size_B;3
50,00;20,00;441,93;1,97;560,00;12009,00;78,25;Size_B;4
50,00;20,00;440,50;2,00;560,00;12034,00;78,79;Size_B;5
50,00;20,00;437,17;2,82;560,00;11944,00;75,26;Size_B;6
50,00;20,00;460,17;1,64;560,00;12529,00;94,37;Size_B;7
50,00;20,00;431,00;1,75;560,00;11763,00;77,28;Size_B;8
50,00;20,00;452,00;1,66;560,00;12304,00;82,03;Size_B;9
50,00;20,00;517,97;0,95;560,00;14134,00;100,17;Size_B;10
50,00;20,00;483,69;1,73;560,00;13182,00;98,87;Size_B;11
50,00;20,00;513,31;1,64;560,00;13995,00;95,38;Size_B;12
50,00;20,00;464,39;1,97;560,00;12686,00;93,07;Size_B;13
50,00;20,00;572,88;0,88;560,00;15530,00;109,62;Size_B;14
50,00;20,00;487,17;1,11;560,00;13251,00;87,28;Size_B;15
50,00;20,00;454,33;1,62;560,00;12349,00;87,15;Size_B;16
50,00;20,00;491,01;1,84;560,00;13408,00;100,00;Size_B;17
50,00;20,00;439,93;1,80;560,00;12009,00;82,61;Size_B;18
50,00;20,00;514,17;1,34;560,00;14017,00;106,39;Size_B;19
50,00;20,00;512,00;1,68;560,00;13882,00;102,82;Size_B;20
50,00;20,00;529,95;1,04;560,00;14446,00;104,71;Size_B;21
50,00;20,00;529,28;1,22;560,00;14446,00;101,68;Size_B;22
50,00;20,00;434,83;2,45;560,00;11808,00;77,28;Size_B;23
50,00;20,00;508,33;1,73;560,00;13791,00;90,47;Size_B;24
50,00;20,00;517,83;1,73;560,00;14062,00;106,55;Size_B;25
50,00;20,00;514,67;1,92;560,00;13972,00;102,82;Size_B;26
50,00;20,00;515,31;1,38;560,00;14040,00;102,77;Size_B;27
50,00;20,00;448,75;2,56;560,00;12234,00;78,04;Size_B;28
101,23;40,15;499,38;1,88;1120,00;15059,81;92,42;Size_C;1
100,62;39,96;487,78;2,35;1120,00;11538,83;91,03;Size_C;2
99,85;39,60;501,00;1,93;1120,00;14261,00;83,99;Size_C;3
100,57;40,09;497,60;1,76;1120,00;14951,00;91,21;Size_C;4
100,18;40,00;434,43;2,41;1120,00;11224,00;83,26;Size_C;5
100,04;40,19;408,75;2,61;1120,00;9165,00;64,96;Size_C;6
100,43;39,87;484,66;1,90;1120,00;12537,00;93,74;Size_C;7
100,40;40,02;486,21;1,14;1120,00;13331,00;89,00;Size_C;8
100,99;39,69;491,04;2,11;1120,00;14031,00;88,59;Size_C;9
101,10;39,17;501,92;1,78;1120,00;14118,00;80,60;Size_C;10
100,65;39,87;528,88;1,26;1120,00;14224,00;89,52;Size_C;11
101,35;39,82;615,31;1,06;1120,00;17797,00;106,94;Size_C;12
100,77;40,05;499,48;1,50;1120,00;12387,00;85,53;Size_C;13
100,99;40,02;470,95;2,29;1120,00;12661,00;85,74;Size_C;14
100,72;39,95;495,76;2,20;1120,00;13002,00;82,85;Size_C;15
101,06;39,52;491,98;2,14;1120,00;12449,00;87,94;Size_C;16
100,84;39,52;496,84;1,79;1120,00;13614,00;83,18;Size_C;17
100,99;40,25;493,05;1,46;1120,00;13431,00;72,07;Size_C;18
101,18;39,97;493,74;1,22;1120,00;13257,00;88,29;Size_C;19
100,88;40,15;490,25;1,21;1120,00;12677,00;76,66;Size_C;20
101,26;39,36;605,26;1,15;1120,00;17923,00;96,53;Size_C;21
100,89;39,80;593,69;1,18;1120,00;16572,00;86,11;Size_C;22
101,37;39,87;540,21;1,30;1120,00;13764,00;97,14;Size_C;23
101,08;39,44;530,42;1,30;1120,00;14553,00;97,36;Size_C;24
100,82;40,34;538,61;1,32;1120,00;15539,00;99,94;Size_C;25
101,04;39,94;478,07;2,51;1120,00;11002,00;72,99;Size_C;26