fold;original_index;true_value;predicted_value;error;absolute_error;squared_error;Width;Height;Density;Growth-ring width;Test span;Dynamic E
29;28;107,61;87,38368292162168;20,226317078378315;20,226317078378315;409,10390255509833;14,95;5,95;480,13;2,11;168,0;12528,13
95;94;86,11;105,06040365831808;-18,95040365831808;18,95040365831808;359,1177988131953;100,89;39,8;593,69;1,18;1120,0;16572,0
36;35;68,3;86,84301215043862;-18,543012150438628;18,543012150438628;343,8432996113146;14,82;6,07;525,91;4,3;168,0;11551,54
91;90;72,07;89,51153747104723;-17,44153747104724;17,44153747104724;304,20722935394497;100,99;40,25;493,05;1,46;1120,0;13431,0
4;3;65,89;81,60634095246246;-15,71634095246246;15,71634095246246;247,00337293404863;15,67;5,99;457,1;2,03;168,0;11341,85
39;38;65,72;81,17886327071774;-15,458863270717742;15,458863270717742;238,97645362274605;14,91;5,76;492,29;3,68;168,0;11455,97
17;16;104,9;90,80742164145087;14,092578358549133;14,092578358549133;198,60076479184738;14,86;5,95;497,74;2,13;168,0;13214,49
15;14;81,42;94,83452610327403;-13,414526103274028;13,414526103274028;179,94951057542028;14,88;6,22;482,96;1,3;168,0;12567,69
93;92;76,66;89,1804733300522;-12,520473330052198;12,520473330052198;156,76225240854836;100,88;40,15;490,25;1,21;1120,0;12677,0
70;69;106,55;95,24311718298368;11,306882817016316;11,306882817016316;127,84559903773882;50,0;20,0;517,83;1,73;560,0;14062,0
24;23;91,05;80,31186740409139;10,73813259590861;10,73813259590861;115,30749164731498;14,86;5,98;454,05;2,53;168,0;10327,85
25;24;82,37;92,70653223139773;-10,336532231397726;10,336532231397726;106,84389857072405;14,95;5,95;487,04;1,3;168,0;11823,84
75;74;91,03;81,06299455065346;9,967005449346544;9,967005449346544;99,34119762730371;100,62;39,96;487,78;2,35;1120,0;11538,83
5;4;68,63;78,54716858728091;-9,917168587280912;9,917168587280912;98,35023278855128;15,6;6,04;438,11;2,08;168,0;10663,93
1;0;87,69;97,38331610099995;-9,693316100999951;9,693316100999951;93,96037703390489;14,99;6,13;534,67;2,33;168,0;15090,11
64;63;106,39;96,72314966061526;9,666850339384737;9,666850339384737;93,44799548406282;50,0;20,0;514,17;1,34;560,0;14017,0
89;88;87,94;78,57549835945085;9,36450164054915;9,36450164054915;87,69389097584772;101,06;39,52;491,98;2,14;1120,0;12449,0
62;61;100,0;90,85572540307973;9,144274596920269;9,144274596920269;83,61775790388135;50,0;20,0;491,01;1,84;560,0;13408,0
41;40;102,64;111,7314887509265;-9,091488750926501;9,091488750926501;82,65516770822312;14,9;5,61;597,62;1,51;168,0;19227,87
71;70;102,82;93,85534011121038;8,964659888789612;8,964659888789612;80,36512692167338;50,0;20,0;514,67;1,92;560,0;13972,0
80;79;93,74;84,83906966381386;8,900930336186136;8,900930336186136;79,22656084963863;100,43;39,87;484,66;1,9;1120,0;12537,0
16;15;87,83;96,67980261627469;-8,849802616274687;8,849802616274687;78,3190063470223;14,95;6,18;495,3;1,02;168,0;12150,6
6;5;79,18;87,82340469494154;-8,643404694941538;8,643404694941538;74,70844472053741;15,58;6,03;457,39;1,27;168,0;13194,19
56;55;98,87;90,28749123296662;8,582508767033389;8,582508767033389;73,65945673620497;50,0;20,0;483,69;1,73;560,0;13182,0
79;78;64,96;73,45851700105263;-8,498517001052633;8,498517001052633;72,22479121718064;100,04;40,19;408,75;2,61;1120,0;9165,0
3;2;77,41;85,80227330515635;-8,392273305156351;8,392273305156351;70,4302512284399;15,54;6,02;455,58;1,67;168,0;13364,81
38;37;108,69;100,53688485041214;8,153115149587862;8,153115149587862;66,4732866424391;14,92;5,9;565,84;1,67;168,0;13602,1
65;64;102,82;94,68081078208456;8,13918921791543;8,13918921791543;66,24640112503079;50,0;20,0;512,0;1,68;560,0;13882,0
12;11;108,88;100,75389088886402;8,126109111135975;8,126109111135975;66,0336492860871;15,03;5,86;528,5;1,44;168,0;16838,68
97;96;97,36;89,31029798738334;8,049702012616663;8,049702012616663;64,79770249192475;101,08;39,44;530,42;1,3;1120,0;14553,0
30;29;93,91;85,87231544315115;8,037684556848845;8,037684556848845;64,60437303540641;14,98;6,06;467,12;2,11;168,0;11960,53
76;75;83,99;91,39886135936977;-7,40886135936978;7,40886135936978;54,891226642362625;99,85;39,6;501,0;1,93;1120,0;14261,0
52;51;94,37;87,16888621990327;7,201113780096733;7,201113780096733;51,85603967389906;50,0;20,0;460,17;1,64;560,0;12529,0
60;59;87,28;94,33499002370017;-7,054990023700171;7,054990023700171;49,772884234508936;50,0;20,0;487,17;1,11;560,0;13251,0
40;39;81,36;74,49626488914606;6,863735110853938;6,863735110853938;47,110859671969116;14,9;6,1;455,26;3,37;168,0;8676,87
58;57;93,07;86,2190471546797;6,850952845320293;6,850952845320293;46,93555488880222;50,0;20,0;464,39;1,97;560,0;12686,0
87;86;85,74;78,99874962139894;6,741250378601052;6,741250378601052;45,44445666698883;100,99;40,02;470,95;2,29;1120,0;12661,0
94;93;96,53;103,26013689985136;-6,7301368998513595;6,7301368998513595;45,29474269074087;101,26;39,36;605,26;1,15;1120,0;17923,0
96;95;97,14;90,49749901030448;6,64250098969552;6,64250098969552;44,12281939810597;101,37;39,87;540,21;1,3;1120,0;13764,0
78;77;83,26;76,67265144859074;6,587348551409264;6,587348551409264;43,39316093775372;100,18;40,0;434,43;2,41;1120,0;11224,0
47;46;67,91;74,45260505309093;-6,542605053090938;6,542605053090938;42,805680880731074;50,0;20,0;421,83;3,16;560,0;11491,0
82;81;88,59;82,14974169671137;6,44025830328863;6,44025830328863;41,47692701307814;100,99;39,69;491,04;2,11;1120,0;14031,0
74;73;92,42;86,37849288522439;6,041507114775612;6,041507114775612;36,49980821788434;101,23;40,15;499,38;1,88;1120,0;15059,81
72;71;102,77;96,78499705033546;5,985002949664533;5,985002949664533;35,820260307493164;50,0;20,0;515,31;1,38;560,0;14040,0
45;44;100,14;94,29558242389892;5,84441757610108;5,84441757610108;34,15721680383922;15,05;6,12;538,15;2,81;168,0;15429,13
13;12;102,22;96,40015897983159;5,819841020168411;5,819841020168411;33,87054950003489;15,07;6,04;506,04;1,79;168,0;16273,65
42;41;110,89;116,55804124350678;-5,668041243506778;5,668041243506778;32,12669153809386;14,83;5,41;626,08;1,64;168,0;21553,35
53;52;77,28;82,68935870606633;-5,409358706066328;5,409358706066328;29,26116161089558;50,0;20,0;431,0;1,75;560,0;11763,0
8;7;97,37;92,08796834179003;5,282031658209974;5,282031658209974;27,8998584383324;14,99;6,05;478,25;1,88;168,0;15358,52
84;83;89,52;94,62498465712275;-5,104984657122756;5,104984657122756;26,060868349458744;100,65;39,87;528,88;1,26;1120,0;14224,0
33;32;84,26;79,29749470065991;4,962505299340094;4,962505299340094;24,62645884597852;14,86;5,71;492,67;3,27;168,0;10087,14
49;48;78,25;83,06536890398297;-4,8153689039829715;4,8153689039829715;23,187777681446164;50,0;20,0;441,93;1,97;560,0;12009,0
37;36;112,16;107,5337297267346;4,626270273265391;4,626270273265391;21,402376641299032;14,93;5,78;564,22;1,61;168,0;19790,13
19;18;100,19;95,6381608199722;4,551839180027798;4,551839180027798;20,719239920836138;15,02;5,93;490,06;1,46;168,0;16019,43
54;53;82,03;86,14494032304954;-4,114940323049538;4,114940323049538;16,932733862259038;50,0;20,0;452,0;1,66;560,0;12304,0
27;26;97,58;93,47365484396727;4,106345156032731;4,106345156032731;16,86207054047347;14,74;5,8;492,58;1,89;168,0;14953,07
66;65;104,71;100,69228554134217;4,017714458657821;4,017714458657821;16,142029471308106;50,0;20,0;529,95;1,04;560,0;14446,0
50;49;78,79;82,75053546182389;-3,9605354618238806;3,9605354618238806;15,685841144364499;50,0;20,0;440,5;2,0;560,0;12034,0
99;98;72,99;76,77364252971391;-3,783642529713916;3,783642529713916;14,31595079265992;101,04;39,94;478,07;2,51;1120,0;11002,0
69;68;90,47;94,11615210392684;-3,6461521039268376;3,6461521039268376;13,294425164970106;50,0;20,0;508,33;1,73;560,0;13791,0
20;19;99,18;102,7633584681092;-3,5833584681091963;3,5833584681091963;12,840457910969887;14,95;5,96;514,48;0,96;168,0;16695,87
48;47;74,72;78,27463217836427;-3,5546321783642725;3,5546321783642725;12,635409923462733;50,0;20,0;439,6;2,88;560,0;12054,0
34;33;110,07;106,68761069434788;3,3823893056521115;3,3823893056521115;11,440557414989772;14,74;5,99;570,27;1,47;168,0;15802,14
73;72;78,04;81,09890513153988;-3,0589051315398734;3,0589051315398734;9,35690060376097;50,0;20,0;448,75;2,56;560,0;12234,0
11;10;103,27;106,31119484491596;-3,041194844915964;3,041194844915964;9,248866084743433;14,9;5,78;524,88;0,73;168,0;18214,39
9;8;88,32;85,38702906589867;2,93297093410132;2,93297093410132;8,60231850028317;14,86;5,96;452,31;1,87;168,0;11792,66
22;21;90,23;87,35910741330873;2,8708925866912693;2,8708925866912693;8,242024244318888;14,96;6,08;481,05;2,2;168,0;11923,5
51;50;75,26;78,11624902546734;-2,856249025467335;2,856249025467335;8,1581584954831;50,0;20,0;437,17;2,82;560,0;11944,0
21;20;95,83;98,56595587529691;-2,7359558752969093;2,7359558752969093;7,485454551571677;15,05;6,2;522,37;1,47;168,0;13897,33
46;45;105,59;108,13448776046597;-2,5444877604659695;2,5444877604659695;6,474417963161125;49,93;19,99;558,76;1,31;560,0;18579,96
86;85;85,53;87,96800842409014;-2,4380084240901425;2,4380084240901425;5,9438850759345;100,77;40,05;499,48;1,5;1120,0;12387,0
28;27;103,09;105,52485534294242;-2,434855342942413;2,434855342942413;5,9285205410552155;15,01;6,16;541,73;1,31;168,0;17255,49
35;34;116,7;118,97303993178899;-2,2730399317889862;2,2730399317889862;5,166710531507279;14,94;5,39;630,97;1,66;168,0;24145,24
83;82;80,6;82,87186092971741;-2,2718609297174197;2,2718609297174197;5,161352083976499;101,1;39,17;501,92;1,78;1120,0;14118,0
68;67;77,28;79,49543654861552;-2,2154365486155143;2,2154365486155143;4,908159100941422;50,0;20,0;434,83;2,45;560,0;11808,0
81;80;89,0;91,20679374978587;-2,2067937497858736;2,2067937497858736;4,869938654093997;100,4;40,02;486,21;1,14;1120,0;13331,0
44;43;81,24;83,42763350319971;-2,18763350319972;2,18763350319972;4,78574034432188;14,92;5,91;506,0;3,52;168,0;12069,34
18;17;91,08;89,07580321605522;2,004196783944778;2,004196783944778;4,01680474877459;14,97;6,08;464,23;2,09;168,0;14759,68
98;97;99,94;98,00020478487721;1,9397952151227855;1,9397952151227855;3,762805476613254;100,82;40,34;538,61;1,32;1120,0;15539,0
67;66;101,68;99,80707650007571;1,8729234999242976;1,8729234999242976;3,5078424365686804;50,0;20,0;529,28;1,22;560,0;14446,0
31;30;101,48;103,34268668348552;-1,8626866834855207;1,8626866834855207;3,4696016808342884;14,98;5,97;535,16;1,45;168,0;17419,49
59;58;109,62;107,86614168529773;1,7538583147022706;1,7538583147022706;3,076018988050289;50,0;20,0;572,88;0,88;560,0;15530,0
2;1;81,64;83,23959102516423;-1,59959102516423;1,59959102516423;2,5586914477859524;15,52;6,0;451,31;1,69;168,0;12021,06
88;87;82,85;84,38136952699239;-1,5313695269923926;1,5313695269923926;2,3450926282009044;100,72;39,95;495,76;2,2;1120,0;13002,0
85;84;106,94;105,44599021325747;1,4940097867425237;1,4940097867425237;2,2320652428824412;101,35;39,82;615,31;1,06;1120,0;17797,0
92;91;88,29;86,83304825210881;1,4569517478911962;1,4569517478911962;2,122708395683212;101,18;39,97;493,74;1,22;1120,0;13257,0
32;31;83,19;81,79362355180578;1,3963764481942178;1,3963764481942178;1,949867185071499;15,13;5,73;432,47;1,97;168,0;13518,47
90;89;83,18;84,45541579836902;-1,2754157983690106;1,2754157983690106;1,6266854587292607;100,84;39,52;496,84;1,79;1120,0;13614,0
26;25;107,74;106,60898559236948;1,1310144076305164;1,1310144076305164;1,279193590267808;15,26;5,82;549,49;1,03;168,0;19084,85
10;9;94,63;95,71013996567206;-1,0801399656720605;1,0801399656720605;1,16670234544204;15,06;6,05;496,9;1,7;168,0;15875,67
63;62;82,61;83,57728618402328;-0,9672861840232798;0,9672861840232798;0,9356425618023183;50,0;20,0;439,93;1,8;560,0;12009,0
23;22;92,26;91,41750182366134;0,8424981763386654;0,8424981763386654;0,709803177133977;14,97;6,19;481,59;1,31;168,0;10995,04
7;6;76,05;76,8521066660676;-0,8021066660676013;0,8021066660676013;0,6433751037500824;15,62;5,97;429,36;1,94;168,0;10444,71
77;76;91,21;90,49652918511667;0,7134708148833226;0,7134708148833226;0,5090406036902725;100,57;40,09;497,6;1,76;1120,0;14951,0
55;54;100,17;99,51803217107904;0,6519678289209594;0,6519678289209594;0,42506204994790936;50,0;20,0;517,97;0,95;560,0;14134,0
61;60;87,15;86,53742213007894;0,6125778699210684;0,6125778699210684;0,3752516467170334;50,0;20,0;454,33;1,62;560,0;12349,0
14;13;98,92;98,60118099522585;0,3188190047741557;0,3188190047741557;0,10164555780518311;14,86;6,0;502,75;1,3;168,0;15324,74
43;42;70,27;70,51236051431869;-0,24236051431869043;0,24236051431869043;0,058738618900820154;14,89;6,09;417,9;3,04;168,0;6991,54
57;56;95,38;95,3288654221934;0,05113457780659303;0,05113457780659303;0,002614745047458516;50,0;20,0;513,31;1,64;560,0;13995,0
