fold;original_index;current_index;true_value;predicted_value;error;absolute_error;squared_error;rmse;Width;Height;Density;Growth-ring width;Test span;Dynamic E
36;38;35;65,72;83,90259374626908;-18,182593746269077;18,182593746269077;330,6067153418634;18,182593746269077;14,91;5,76;492,29;3,68;168,0;11455,97
89;92;88;76,66;90,7160081737628;-14,056008173762805;14,056008173762805;197,5713657808868;14,056008173762805;100,88;40,15;490,25;1,21;1120,0;12677,0
16;16;15;104,9;91,14715244856187;13,752847551438137;13,752847551438137;189,14081577309796;13,752847551438137;14,86;5,95;497,74;2,13;168,0;13214,49
14;14;13;81,42;94,69409199102478;-13,274091991024775;13,274091991024775;176,20151818618808;13,274091991024775;14,88;6,22;482,96;1,3;168,0;12567,69
1;0;0;87,69;99,55861522815263;-11,868615228152635;11,868615228152635;140,86402743393663;11,868615228152635;14,99;6,13;534,67;2,33;168,0;15090,11
23;23;22;91,05;80,44111329818448;10,608886701815521;10,608886701815521;112,54847705195822;10,608886701815521;14,86;5,98;454,05;2,53;168,0;10327,85
67;69;66;106,55;96,13947283333403;10,410527166665972;10,410527166665972;108,37907588789022;10,410527166665972;50,0;20,0;517,83;1,73;560,0;14062,0
4;4;3;68,63;78,5816474912636;-9,9516474912636;9,9516474912636;99,0352877903731;9,9516474912636;15,6;6,04;438,11;2,08;168,0;10663,93
24;24;23;82,37;92,10858286240992;-9,738582862409913;9,738582862409913;94,83999616802406;9,738582862409913;14,95;5,95;487,04;1,3;168,0;11823,84
38;40;37;102,64;112,36786723745692;-9,72786723745692;9,72786723745692;94,63140098958772;9,72786723745692;14,9;5,61;597,62;1,51;168,0;19227,87
76;78;75;64,96;74,2914858741674;-9,331485874167413;9,331485874167413;87,07662861978596;9,331485874167413;100,04;40,19;408,75;2,61;1120,0;9165,0
61;63;60;106,39;97,0704829426104;9,319517057389604;9,319517057389604;86,85339818297578;9,319517057389604;50,0;20,0;514,17;1,34;560,0;14017,0
90;93;89;96,53;105,45250948414493;-8,922509484144925;8,922509484144925;79,61117549465614;8,922509484144925;101,26;39,36;605,26;1,15;1120,0;17923,0
59;61;58;100,0;91,24817768319708;8,751822316802915;8,751822316802915;76,59439386488954;8,751822316802915;50,0;20,0;491,01;1,84;560,0;13408,0
15;15;14;87,83;96,57154818776009;-8,741548187760088;8,741548187760088;76,41466471893169;8,741548187760088;14,95;6,18;495,3;1,02;168,0;12150,6
53;55;52;98,87;90,38385491529235;8,486145084707658;8,486145084707658;72,01465839870795;8,486145084707658;50,0;20,0;483,69;1,73;560,0;13182,0
11;11;10;108,88;100,47647279745975;8,403527202540246;8,403527202540246;70,6192694438339;8,403527202540246;15,03;5,86;528,5;1,44;168,0;16838,68
86;88;85;87,94;79,6252887957275;8,314711204272498;8,314711204272498;69,13442241045462;8,314711204272498;101,06;39,52;491,98;2,14;1120,0;12449,0
77;79;76;93,74;85,74591276125076;7,9940872387492306;7,9940872387492306;63,9054307807333;7,9940872387492306;100,43;39,87;484,66;1,9;1120,0;12537,0
28;29;27;93,91;85,96387076123995;7,946129238760051;7,946129238760051;63,14096987907738;7,946129238760051;14,98;6,06;467,12;2,11;168,0;11960,53
68;70;67;102,82;94,90163909051341;7,91836090948658;7,91836090948658;62,70043949288514;7,91836090948658;50,0;20,0;514,67;1,92;560,0;13972,0
72;74;71;91,03;83,1879045079352;7,8420954920648;7,8420954920648;61,49846170666306;7,8420954920648;100,62;39,96;487,78;2,35;1120,0;11538,83
3;2;2;77,41;85,23862653813559;-7,828626538135595;7,828626538135595;61,28739347360091;7,828626538135595;15,54;6,02;455,58;1,67;168,0;13364,81
49;51;48;94,37;86,59346836141593;7,776531638584075;7,776531638584075;60,474444325899114;7,776531638584075;50,0;20,0;460,17;1,64;560,0;12529,0
5;5;4;79,18;86,92745313091044;-7,747453130910429;7,747453130910429;60,023030015653816;7,747453130910429;15,58;6,03;457,39;1,27;168,0;13194,19
92;96;91;97,36;89,83505057721784;7,524949422782157;7,524949422782157;56,62486381542952;7,524949422782157;101,08;39,44;530,42;1,3;1120,0;14553,0
62;64;61;102,82;95,3921918499547;7,427808150045294;7,427808150045294;55,17233391387929;7,427808150045294;50,0;20,0;512,0;1,68;560,0;13882,0
73;75;72;83,99;91,31396087021247;-7,323960870212474;7,323960870212474;53,64040282840346;7,323960870212474;99,85;39,6;501,0;1,93;1120,0;14261,0
44;46;43;67,91;74,86170023052287;-6,951700230522874;6,951700230522874;48,32613609505179;6,951700230522874;50,0;20,0;421,83;3,16;560,0;11491,0
55;57;54;93,07;86,1413115256803;6,928688474319699;6,928688474319699;48,00672397417064;6,928688474319699;50,0;20,0;464,39;1,97;560,0;12686,0
57;59;56;87,28;93,79465477625293;-6,514654776252925;6,514654776252925;42,44072685375505;6,514654776252925;50,0;20,0;487,17;1,11;560,0;13251,0
35;37;34;108,69;102,22078007477342;6,469219925226582;6,469219925226582;41,850806440948624;6,469219925226582;14,92;5,9;565,84;1,67;168,0;13602,1
81;83;80;89,52;95,98725337288187;-6,467253372881871;6,467253372881871;41,825366189051934;6,467253372881871;100,65;39,87;528,88;1,26;1120,0;14224,0
94;98;93;72,99;79,35243153449483;-6,3624315344948315;6,3624315344948315;40,48053503113425;6,3624315344948315;101,04;39,94;478,07;2,51;1120,0;11002,0
39;41;38;110,89;117,2079168344052;-6,317916834405196;6,317916834405196;39,916073126460574;6,317916834405196;14,83;5,41;626,08;1,64;168,0;21553,35
75;77;74;83,26;77,14620593598451;6,113794064015494;6,113794064015494;37,378477857191086;6,113794064015494;100,18;40,0;434,43;2,41;1120,0;11224,0
7;7;6;97,37;91,6462130326466;5,723786967353405;5,723786967353405;32,76173724764469;5,723786967353405;14,99;6,05;478,25;1,88;168,0;15358,52
12;12;11;102,22;96,54081959222621;5,679180407773785;5,679180407773785;32,25309010404162;5,679180407773785;15,07;6,04;506,04;1,79;168,0;16273,65
18;18;17;100,19;94,59217416773336;5,597825832266636;5,597825832266636;31,33565404839166;5,597825832266636;15,02;5,93;490,06;1,46;168,0;16019,43
69;71;68;102,77;97,21251627237436;5,5574837276256375;5,5574837276256375;30,88562538282375;5,5574837276256375;50,0;20,0;515,31;1,38;560,0;14040,0
79;81;78;88,59;83,27334849678267;5,316651503217329;5,316651503217329;28,26678320666309;5,316651503217329;100,99;39,69;491,04;2,11;1120,0;14031,0
41;43;40;81,24;86,23053143853406;-4,990531438534063;4,990531438534063;24,905404038996867;4,990531438534063;14,92;5,91;506,0;3,52;168,0;12069,34
37;39;36;81,36;76,38466291565196;4,975337084348041;4,975337084348041;24,753979102888866;4,975337084348041;14,9;6,1;455,26;3,37;168,0;8676,87
26;26;25;97,58;92,6053187745717;4,974681225428299;4,974681225428299;24,747453294628798;4,974681225428299;14,74;5,8;492,58;1,89;168,0;14953,07
84;86;83;85,74;80,92603099894988;4,813969001050111;4,813969001050111;23,174297543071408;4,813969001050111;100,99;40,02;470,95;2,29;1120,0;12661,0
34;36;33;112,16;107,68872950492887;4,471270495071124;4,471270495071124;19,992259840093578;4,471270495071124;14,93;5,78;564,22;1,61;168,0;19790,13
66;68;65;90,47;94,81237226415637;-4,342372264156367;4,342372264156367;18,856196880514496;4,342372264156367;50,0;20,0;508,33;1,73;560,0;13791,0
50;52;49;77,28;81,55386067673201;-4,2738606767320135;4,2738606767320135;18,265885084116224;4,2738606767320135;50,0;20,0;431,0;1,75;560,0;11763,0
46;48;45;78,25;82,4684136592685;-4,218413659268506;4,218413659268506;17,79501380070311;4,218413659268506;50,0;20,0;441,93;1,97;560,0;12009,0
83;85;82;85,53;89,69649798045478;-4,166497980454778;4,166497980454778;17,359705421133746;4,166497980454778;100,77;40,05;499,48;1,5;1120,0;12387,0
91;95;90;97,14;92,99197739232257;4,148022607677433;4,148022607677433;17,20609155380309;4,148022607677433;101,37;39,87;540,21;1,3;1120,0;13764,0
45;47;44;74,72;78,72415047706521;-4,00415047706521;4,00415047706521;16,033221042981545;4,00415047706521;50,0;20,0;439,6;2,88;560,0;12054,0
8;8;7;88,32;84,41578708430941;3,9042129156905787;3,9042129156905787;15,24287849104513;3,9042129156905787;14,86;5,96;452,31;1,87;168,0;11792,66
20;20;19;95,83;99,63602547104888;-3,8060254710488834;3,8060254710488834;14,485829886272874;3,8060254710488834;15,05;6,2;522,37;1,47;168,0;13897,33
30;31;29;83,19;79,51660148562343;3,673398514376572;3,673398514376572;13,493856645424007;3,673398514376572;15,13;5,73;432,47;1,97;168,0;13518,47
63;65;62;104,71;101,06448544938576;3,6455145506142372;3,6455145506142372;13,289776338740124;3,6455145506142372;50,0;20,0;529,95;1,04;560,0;14446,0
85;87;84;82,85;86,41943068501133;-3,5694306850113406;3,5694306850113406;12,740835415100529;3,5694306850113406;100,72;39,95;495,76;2,2;1120,0;13002,0
71;73;70;92,42;88,8879201544106;3,532079845589408;3,532079845589408;12,475588035618895;3,532079845589408;101,23;40,15;499,38;1,88;1120,0;15059,81
31;32;30;84,26;80,82678183228622;3,4332181677137896;3,4332181677137896;11,78698698712003;3,4332181677137896;14,86;5,71;492,67;3,27;168,0;10087,14
51;53;50;82,03;85,4146606669098;-3,384660666909795;3,384660666909795;11,45592783012626;3,384660666909795;50,0;20,0;452,0;1,66;560,0;12304,0
47;49;46;78,79;82,14322880373835;-3,3532288037383466;3,3532288037383466;11,244143410220504;3,3532288037383466;50,0;20,0;440,5;2,0;560,0;12034,0
70;72;69;78,04;81,37259481417124;-3,3325948141712303;3,3325948141712303;11,106188195440977;3,3325948141712303;50,0;20,0;448,75;2,56;560,0;12234,0
43;45;42;105,59;108,92245747457167;-3,332457474571669;3,332457474571669;11,105272819828585;3,332457474571669;49,93;19,99;558,76;1,31;560,0;18579,96
48;50;47;75,26;78,43234074294892;-3,1723407429489185;3,1723407429489185;10,063745789373696;3,1723407429489185;50,0;20,0;437,17;2,82;560,0;11944,0
27;27;26;103,09;106,24453541560374;-3,154535415603732;3,154535415603732;9,95109368829821;3,154535415603732;15,01;6,16;541,73;1,31;168,0;17255,49
42;44;41;100,14;97,01941124540953;3,1205887545904716;3,1205887545904716;9,73807417527651;3,1205887545904716;15,05;6,12;538,15;2,81;168,0;15429,13
33;34;32;116,7;119,36908886212973;-2,669088862129726;2,669088862129726;7,124035353944956;2,669088862129726;14,94;5,39;630,97;1,66;168,0;24145,24
19;19;18;99,18;101,73904342319165;-2,559043423191639;2,559043423191639;6,548703241780382;2,559043423191639;14,95;5,96;514,48;0,96;168,0;16695,87
78;80;77;89,0;91,53679254289031;-2,5367925428903106;2,5367925428903106;6,4353164056638885;2,5367925428903106;100,4;40,02;486,21;1,14;1120,0;13331,0
17;17;16;91,08;88,65349395105017;2,4265060489498325;2,4265060489498325;5,8879316055901265;2,4265060489498325;14,97;6,08;464,23;2,09;168,0;14759,68
82;84;81;106,94;109,24955752423523;-2,309557524235231;2,309557524235231;5,33405595775157;2,309557524235231;101,35;39,82;615,31;1,06;1120,0;17797,0
21;21;20;90,23;88,00911434045818;2,220885659541821;2,220885659541821;4,93233311275851;2,220885659541821;14,96;6,08;481,05;2,2;168,0;11923,5
32;33;31;110,07;107,95299522264773;2,117004777352264;2,117004777352264;4,481709227332309;2,117004777352264;14,74;5,99;570,27;1,47;168,0;15802,14
65;67;64;77,28;79,30388918126548;-2,0238891812654742;2,0238891812654742;4,096127418043432;2,0238891812654742;50,0;20,0;434,83;2,45;560,0;11808,0
29;30;28;101,48;103,44141867229033;-1,9614186722903213;1,9614186722903213;3,847163208009127;1,9614186722903213;14,98;5,97;535,16;1,45;168,0;17419,49
80;82;79;80,6;82,48766091883944;-1,887660918839444;1,887660918839444;3,563263744513774;1,887660918839444;101,1;39,17;501,92;1,78;1120,0;14118,0
87;89;86;83,18;84,80989572408869;-1,6298957240886836;1,6298957240886836;2,656560071402574;1,6298957240886836;100,84;39,52;496,84;1,79;1120,0;13614,0
25;25;24;107,74;106,13579717394826;1,6042028260517327;1,6042028260517327;2,573466707112366;1,6042028260517327;15,26;5,82;549,49;1,03;168,0;19084,85
58;60;57;87,15;85,80855845048453;1,34144154951548;1,34144154951548;1,7994654307664917;1,34144154951548;50,0;20,0;454,33;1,62;560,0;12349,0
64;66;63;101,68;100,38015712200391;1,2998428779960989;1,2998428779960989;1,6895915074771812;1,2998428779960989;50,0;20,0;529,28;1,22;560,0;14446,0
93;97;92;99,94;101,18667153404981;-1,2466715340498098;1,2466715340498098;1,554189913810106;1,2466715340498098;100,82;40,34;538,61;1,32;1120,0;15539,0
10;10;9;103,27;104,4353491220136;-1,165349122013609;1,165349122013609;1,3580385761778893;1,165349122013609;14,9;5,78;524,88;0,73;168,0;18214,39
2;1;1;81,64;82,68122600399326;-1,041226003993259;1,041226003993259;1,0841515913917703;1,041226003993259;15,52;6,0;451,31;1,69;168,0;12021,06
13;13;12;98,92;97,91949591953617;1,000504080463827;1,000504080463827;1,001008415024768;1,000504080463827;14,86;6,0;502,75;1,3;168,0;15324,74
40;42;39;70,27;71,234881589098;-0,9648815890979989;0,9648815890979989;0,9309964809802797;0,9648815890979989;14,89;6,09;417,9;3,04;168,0;6991,54
9;9;8;94,63;95,5701214101639;-0,9401214101639113;0,9401214101639113;0,8838282658485811;0,9401214101639113;15,06;6,05;496,9;1,7;168,0;15875,67
74;76;73;91,21;92,0167610098238;-0,806761009823802;0,806761009823802;0,6508633269719208;0,806761009823802;100,57;40,09;497,6;1,76;1120,0;14951,0
22;22;21;92,26;91,49066199228584;0,7693380077141683;0,7693380077141683;0,5918809701136056;0,7693380077141683;14,97;6,19;481,59;1,31;168,0;10995,04
52;54;51;100,17;99,49369347540087;0,6763065245991271;0,6763065245991271;0,45739051521534974;0,6763065245991271;50,0;20,0;517,97;0,95;560,0;14134,0
54;56;53;95,38;96,02128896055805;-0,6412889605580574;0,6412889605580574;0,4112515309336337;0,6412889605580574;50,0;20,0;513,31;1,64;560,0;13995,0
56;58;55;109,62;109,15385707868859;0,4661429213114161;0,4661429213114161;0,21728922308874107;0,4661429213114161;50,0;20,0;572,88;0,88;560,0;15530,0
88;91;87;88,29;88,03969144501247;0,2503085549875408;0,2503085549875408;0,06265437269995074;0,2503085549875408;101,18;39,97;493,74;1,22;1120,0;13257,0
6;6;5;76,05;76,20807224437705;-0,15807224437705258;0,15807224437705258;0,02498683444239863;0,15807224437705258;15,62;5,97;429,36;1,94;168,0;10444,71
60;62;59;82,61;82,71078956087095;-0,10078956087095037;0,10078956087095037;0,010158535580559009;0,10078956087095037;50,0;20,0;439,93;1,8;560,0;12009,0
