fold;model;bias;Width;Height;Density;Growth-ring width;Test span;Dynamic E;dataset
1;normal;90,76795918367348;-193,82340132550365;81,10980772973087;5,68647728375267;-3,158926925593931;110,24038786157594;3,0751680700997066;original
2;normal;90,829693877551;-189,73686094742362;70,68722744931019;5,498456842789734;-3,337006601572267;116,59428312066973;3,0099412872344655;original
3;normal;90,87285714285711;-179,69480665419198;69,5388085629823;5,330963940526553;-3,3678592873160462;107,64861826376365;3,119425299026704;original
4;normal;90,99040816326527;-163,09996584542728;62,58430133151475;5,46831256702935;-3,3995910468231068;97,89989005058395;2,782680875710905;original
5;normal;90,96244897959181;-175,1912785061953;66,92117796674654;5,408776319969236;-3,373426388021862;105,7253757033909;2,885459856671602;original
6;normal;90,85479591836732;-178,89030478567219;68,40702713075306;5,354686790558909;-3,443215806617056;107,95321625536393;3,0406228385145337;original
7;normal;90,88673469387754;-190,02164873990546;70,58343319636099;5,474234225611078;-3,329033315974899;116,98439738168327;2,990078193500741;original
8;normal;90,6691836734694;-193,9015422906568;69,47260613793637;5,6765794415636;-3,352338504509343;122,04765225950432;2,856199503235309;original
9;normal;90,76153061224491;-193,0807471099932;72,98452549303671;5,546948256973491;-3,2952004574628546;117,72283163490239;3,045032248093386;original
10;normal;90,69714285714284;-192,99120370117836;72,16653775554637;5,530459425715294;-3,3172263491800846;118,40588943812386;3,0456874011013078;original
11;normal;90,60897959183676;-193,60844199074307;70,08114973649016;5,473449901050481;-3,319059969614842;121,08311482404805;3,0524401519672906;original
12;normal;90,55173469387756;-194,72595112018058;73,07412414174378;5,589620057440709;-3,295206615031442;119,2996815171872;2,894387667583525;original
13;normal;90,61969387755101;-194,59256133428966;68,71095789754894;5,637508702090595;-3,3605031997139516;123,50096238237992;2,852002334599602;original
14;normal;90,65336734693878;-193,14291643670393;71,57202686302887;5,551214912390334;-3,307428284802702;119,16986612175698;3,0194201972040084;original
15;normal;90,83193877551018;-197,79745458541265;79,38335865423203;5,648514106667012;-3,527021249704676;115,84507228944071;2,800319114949161;original
16;normal;90,76653061224488;-195,1045299201311;74,15659625860488;5,723837952795911;-3,5151547999169166;118,4048040019703;2,7134133195453813;original
17;normal;90,59234693877552;-191,12113763049118;73,24751195526763;5,431628015665888;-3,341790567124131;115,61104698787301;3,1607389502424;original
18;normal;90,73336734693878;-193,47957968807907;70,67319760739626;5,592077818164734;-3,3373724351715666;120,40909045392318;2,956425626570933;original
19;normal;90,64040816326533;-194,203853524355;72,0424036764074;5,658163444445135;-3,3000916432858545;119,7774250689417;2,902146323552904;original
20;normal;90,6507142857143;-193,5736070172598;71,75849259931593;5,498805733369446;-3,3368905930130706;119,37023265180092;3,06034921172372;original
21;normal;90,68489795918367;-193,33810247457018;73,78174974006753;5,597325372895298;-3,3376285994870023;117,11860132633352;2,981407790951395;original
22;normal;90,74204081632656;-193,37149957857983;71,08481200040548;5,516565657388243;-3,3187506497538175;119,91212000554398;3,061846171995323;original
23;normal;90,72132653061225;-193,17877949006834;71,42648685737399;5,527973016703881;-3,2923035458065555;119,3652846119441;3,0428080056358895;original
24;normal;90,73367346938777;-192,95868321719684;75,53257626665459;5,455246759345979;-3,3168049395413846;115,14108730329995;3,2232631920491968;original
25;normal;90,82224489795921;-193,23206464970613;65,26135714506562;5,703772829750658;-3,5466300195041107;125,39373327510312;2,6402926088806873;original
26;normal;90,56336734693878;-193,7444285296314;71,81289642184034;5,530047485048422;-3,2907410837231947;119,50555798402716;2,933256779029911;original
27;normal;90,66704081632655;-191,85081263342244;73,92812503596846;5,600593795707846;-3,3219244862596424;115,54813537297137;2,978731904365619;original
28;normal;90,61081632653062;-193,65577981053056;74,21973714178878;5,526374540045014;-3,3106212944032167;117,01326660273142;3,044229490927642;original
29;normal;90,56469387755104;-195,35593320378604;77,32841856843471;5,4901248235908495;-3,299103447404403;115,82779006007715;3,2292491333708897;original
30;normal;90,70448979591836;-194,27881756811004;71,27113772998247;5,535540597650063;-3,308787742700578;120,6824944598566;3,087939817082742;original
31;normal;90,62724489795919;-193,33516500290753;72,31339157716867;5,518559215816706;-3,313443724229978;118,59649016651363;3,0374936647191895;original
32;normal;90,81387755102044;-194,204696342701;72,95900558145074;5,5501343946915584;-3,3184152924702093;118,8226347387876;2,9926718032624726;original
33;normal;90,80295918367345;-193,98534127280206;77,28494325871925;5,390125632919933;-3,3032000634277794;114,3408210569606;3,199094872762348;original
34;normal;90,5395918367347;-190,58668986851444;70,18919788317298;5,365575424948497;-3,299989067152876;118,04221242748194;3,0872000280124845;original
35;normal;90,47193877551018;-193,11286782813318;69,8782068484412;5,286068165980078;-3,2716546414066876;120,79261770736463;2,8952783661769153;original
36;normal;90,96581632653061;-197,31639065886552;88,39756465735465;6,324678958606297;-2,2436163080227796;106,42478111257455;2,772923865189408;original
37;normal;90,51826530612242;-192,9718705400718;71,31448770648973;5,542692391143488;-3,3695340073697904;119,25914170186908;2,7749538838708716;original
38;normal;90,55367346938773;-191,5772930479977;73,75276839452475;5,079327120026759;-3,2439808771758267;115,5453287248259;3,4315557826995846;original
39;normal;90,99214285714287;-189,34248571597183;61,3889423011384;5,831703166812671;-2,7506943788453615;125,42467044279704;2,8074308682996767;original
40;normal;90,83255102040816;-193,57398474838956;70,562363873392;5,366792616654222;-3,3382384017285505;120,6807666970105;3,1695529786623475;original
41;normal;90,6154081632653;-194,30338678524444;65,84979178713311;5,554876749920993;-3,288400512804612;125,94712078512293;3,0094697496491616;original
42;normal;90,53122448979593;-194,30157020417886;66,07087375128205;5,387807420830409;-3,254345493174201;125,76357037387245;3,00317978352888;original
43;normal;90,94571428571426;-193,25033049517924;71,53633142571859;5,469184397124011;-3,2621661245340845;119,30957960243813;2,9138398406541595;original
44;normal;90,83377551020408;-192,99655708589796;71,64126997198855;5,598737660693291;-3,142870049284084;118,92827185960437;2,9974294426310517;original
45;normal;90,6409183673469;-194,04761698363862;65,16753514514295;5,44436849937605;-3,446855278290545;126,4979676758613;2,9312035605007694;original
46;normal;90,58530612244901;-195,4156898987021;74,10549157341813;5,490420266604264;-3,296958722376435;118,89942540841774;3,051040664212742;original
47;normal;90,96979591836735;-195,36781896577654;73,57568002596959;5,283069753813492;-3,0916010305703736;119,42043379654126;3,2135566318377142;original
48;normal;90,90030612244898;-194,66236128937308;72,98309583629288;5,424897657628912;-3,206656176531394;119,28032449390673;3,10833490771224;original
49;normal;90,86428571428571;-195,51029103094808;71,993783885145;5,414322668751212;-3,3287716564307357;121,10435896488917;3,062906187302683;original
50;normal;90,85877551020408;-195,08141272637658;72,04713085438061;5,423943483501555;-3,323476038549034;120,62171020082549;3,0621865277830445;original
51;normal;90,89479591836735;-194,3880389278008;72,69152418546312;5,435290712569653;-3,2302350970029443;119,2923128977794;3,087106849598716;original
52;normal;90,69979591836736;-189,17652446434133;72,19327342266894;5,615298175327206;-3,260286351167051;114,56149365527924;3,0179746664523583;original
53;normal;90,87418367346939;-195,7378201750574;71,30782593333487;5,359814005357598;-3,3626532036534975;122,01487194687026;3,0608632655067343;original
54;normal;90,82571428571428;-195,3631465422995;71,88859954602246;5,458716976971725;-3,353106312485949;121,05501743799124;3,0347791224478;original
55;normal;90,64061224489797;-192,49102336859357;72,00759447238927;5,534433994540909;-3,276036741684822;118,06502097965489;3,040413031681474;original
56;normal;90,65387755102041;-187,93116687908804;70,66759938487819;5,565682206985303;-3,2867779968243447;114,84043172758517;3,0359749174536526;original
57;normal;90,68948979591838;-193,06422113008665;72,00901047053516;5,544319596661844;-3,318585918217524;118,63432889141144;3,028816849253377;original
58;normal;90,7130612244898;-189,53174599137853;71,22256611677709;5,608241197062346;-3,3212241268315132;115,87693569150643;2,9844828289903473;original
59;normal;90,5441836734694;-191,25066405801326;71,22125676355773;5,409987218770178;-3,255021715591602;117,61710300280234;3,071691418363951;original
60;normal;90,77214285714287;-197,82066573365472;72,02596919132235;5,546939162859027;-3,427257854076714;123,35522691456728;2,948862289755266;original
61;normal;90,77346938775511;-192,8406863466975;72,15464471823874;5,532506223032322;-3,3125462413435804;118,26517017282131;3,0237629504934813;original
62;normal;90,64234693877552;-187,51077428773212;69,79130074269548;5,544527041867616;-3,31578463132535;115,29195065484353;3,0279685585288996;original
63;normal;90,81979591836736;-193,67662941820703;72,03953943747331;5,484960765013348;-3,3257394878780366;119,21738368377343;3,028878567563176;original
64;normal;90,57714285714286;-186,05970443067676;69,84956953076899;5,441233505813784;-3,210269351845192;113,80748333314536;3,1390341599700577;original
65;normal;90,61357142857145;-187,50991729160748;69,4885925448408;5,462650482135284;-3,2965345844189744;115,60422557249926;3,085538439023206;original
66;normal;90,59428571428572;-189,80014704641064;71,13255496958483;5,463868831487948;-3,230467740845021;116,26060504824719;3,1017940516280404;original
67;normal;90,62520408163266;-191,56559593922887;71,50254181620362;5,503190376489239;-3,282952438143122;117,64702555156671;3,0563479970043326;original
68;normal;90,87418367346939;-194,17860528772567;72,26176441969498;5,446433745382851;-3,2856159632178312;119,5049374054657;3,0572520548192594;original
69;normal;90,7395918367347;-195,57030532657467;73,14550642524425;5,577594156533253;-3,3267690928562996;120,00324770549757;3,0083427875409616;original
70;normal;90,57551020408164;-185,2110986911288;67,86775903146314;5,4034004541716305;-3,3083468028558882;114,92548536566062;3,105221637794071;original
71;normal;90,61357142857143;-187,10473909425167;68,35565940963946;5,446964340933743;-3,3486784305116943;116,32254923383054;3,0594787374084875;original
72;normal;90,61408163265307;-188,73257212447862;70,5722874016;5,476988968374853;-3,2559792491656667;115,74978706163692;3,095008261467953;original
73;normal;90,86642857142857;-194,60540157287534;72,6960241951618;5,463251975420947;-3,2602475567934985;119,50215618898743;3,0754574304520435;original
74;normal;90,71969387755101;-198,47782447665537;64,71243191878968;5,646139334165023;-3,4108379872442254;131,27793212351344;2,8257608240627037;original
75;normal;90,73387755102043;-191,48927688473012;68,75252001303359;5,44365351766515;-3,4052996213646245;120,17907292807298;3,1103746483710464;original
76;normal;90,80571428571429;-203,5889858711552;66,37970641399014;5,5005517008152625;-3,296939149707329;134,88279809765743;3,084000567509397;original
77;normal;90,73204081632656;-192,7881061824005;69,91436200727627;5,560125117308463;-3,331752589002294;120,44012622361609;2,99936452362679;original
78;normal;90,81316326530614;-185,37133152686087;68,58412293884635;5,6321411820358485;-3,37613566872083;114,22102113349361;2,9008839961452813;original
79;normal;90,99989795918367;-204,1526964753262;77,77903618368683;5,308288810150984;-3,2154661445586377;124,04497956935307;3,0468558977446776;original
80;normal;90,70622448979594;-187,79634747263995;71,95132451272663;5,55504952472844;-3,329658286184077;113,29759753589435;3,0459835768568895;original
81;normal;90,7545918367347;-194,50594484958944;71,57233345424936;5,536575733886583;-3,3314682578253283;120,53495794946141;3,0243300695356163;original
82;normal;90,75877551020412;-198,357607464944;75,25099053008483;5,643770468786928;-3,382817637021601;120,64108566558589;2,9300761727403115;original
83;normal;90,84030612244901;-189,52044622776586;62,653366851255214;5,5183133122396;-3,343302517330868;124,59004787899384;2,9936650310231565;original
84;normal;90,74928571428573;-194,2132824811709;70,61614656079662;5,602585059415589;-3,3536940968018882;121,26731039075551;2,9623970567220343;original
85;normal;90,57153061224491;-193,76479206259418;70,8609891145393;5,31587333439498;-3,297192067891086;120,55551326995503;3,0078304645759646;original
86;normal;90,79000000000003;-193,03992287486432;71,81094771187615;5,578293451859524;-3,3351805566399206;118,86132739471861;2,9848155831230256;original
87;normal;90,78785714285716;-197,4613167592062;68,11072393008425;5,625298282600574;-3,4076244205016812;126,84701101870014;2,9109008974299244;original
88;normal;90,81734693877549;-193,00431247182746;71,31053628604356;5,552852621680629;-3,3019068924094;119,32473210267644;3,0301918585782417;original
89;normal;90,76540816326529;-203,39846885724452;85,23926909969312;5,552249167606427;-3,340184808749566;115,70175148405964;3,1387379657638217;original
90;normal;90,81397959183671;-192,3537316343167;68,62742515569273;5,5406980675575594;-3,3288174769929153;121,3935458984789;3,016604668369166;original
91;normal;90,92734693877551;-185,81970439422608;92,87237030965939;5,512633945082043;-3,3152154369132742;90,82515120099991;3,182837639815712;original
92;normal;90,76183673469386;-193,85671965953026;70,97133978126159;5,553705997961089;-3,29338533588921;120,50954242427275;3,0318667788906515;original
93;normal;90,88051020408162;-190,46206136387843;79,63277436111038;5,588248670469943;-3,4362031750188304;108,5958558874083;2,935431487643036;original
94;normal;90,67775510204079;-183,20621562781395;59,210485381723494;5,540714050292515;-3,3391538331511192;121,77042561174714;2,8857915060252695;original
95;normal;90,78408163265306;-189,03951499663188;71,8991649405976;6,032916018649529;-3,363519277492082;115,01016303141768;2,701977957280214;original
96;normal;90,6715306122449;-201,17198306621583;72,67086349907414;5,3780307177441085;-3,25771560474277;126,09565516239836;3,1859621391204493;original
97;normal;90,66928571428572;-201,48410086151333;84,7565589735614;5,490947935447355;-3,220715657623432;114,31741995796067;3,1653174418565615;original
98;normal;90,64295918367347;-192,94813464358356;66,87500089488937;5,5095581781729805;-3,3240670603073617;123,62334192187245;2,9880185631854097;original
99;normal;90,91795918367349;-189,25087686646037;70,7686382164243;5,5727097418212965;-3,2613882389567594;116,17527289051272;2,969534625199984;original
1;physics;90,76795918367345;-62,31704663399892;33,38414495232538;5,419041286235428;-3,1970589384801396;26,436035738539935;2,881548541511656;original
2;physics;90,829693877551;-59,219050771004014;30,748676503278247;5,230120881413447;-3,3646582748587845;25,990171722500193;2,853947611322927;original
3;physics;90,87285714285711;-56,666959627566925;29,682622485191672;5,050290601849483;-3,3929027789421777;24,456908868670464;2,99482530196695;original
4;physics;90,99040816326527;-51,198702950586565;26,534492803402625;5,256532643443569;-3,421465627640942;22,02354176397213;2,6131225125414703;original
5;physics;90,96244897959181;-54,93747156093288;28,5877922131707;5,166910407633178;-3,395943253796042;23,77837200612014;2,7147714759909514;original
6;physics;90,85479591836732;-56,23503389704238;29,323220443799137;5,081478724681995;-3,4900176460627512;24,357092826023376;2,9010410728786367;original
7;physics;90,88673469387753;-58,7173214270075;30,37757268842151;5,200216646225257;-3,3613616753296007;25,85627949471044;2,8108869175908864;original
8;physics;90,66918367346938;-60,85350557554184;31,396449710457887;5,432499089022381;-3,3431116439443507;27,06066279337547;2,727432819918389;original
9;physics;90,76153061224488;-61,09062971980762;31,94841755775092;5,29977791475595;-3,2998509447707023;26,746709652097696;2,8942826825501387;original
10;physics;90,69714285714284;-61,00246926220354;31,80155282927683;5,281481831544961;-3,3181116729143847;26,76578880085953;2,903770238487681;original
11;physics;90,60897959183673;-60,90415461412471;31,471202453269825;5,22902445052584;-3,313219809091421;26,976747270776183;2,9216877769919445;original
12;physics;90,55173469387753;-61,49132822843796;32,12712823161709;5,339029452414291;-3,2979044072687635;26,997459911133834;2,7524644487496683;original
13;physics;90,619693877551;-60,93468906162476;31,332382858208916;5,39164386540744;-3,347141083434344;27,2096761456537;2,732258553082009;original
14;physics;90,65336734693877;-60,91893524577316;31,689898303310965;5,309408416185593;-3,3019201604940704;26,81213906250046;2,873918162238887;original
15;physics;90,83193877551018;-63,16789202314161;33,46421172792796;5,383623165749926;-3,5309792892933607;27,11345470893104;2,6380093899238295;original
16;physics;90,76653061224488;-61,86002963218945;32,32530460621365;5,464471082975829;-3,5082984123161074;26,97497779467555;2,576455612885168;original
17;physics;90,59234693877549;-60,53886229648202;31,830097737675295;5,184011274136614;-3,3490231485100113;26,42673861545681;3,0080636136153927;original
18;physics;90,73336734693876;-60,9111607704657;31,56670965922104;5,348978490306792;-3,333082224559809;26,929577728684446;2,8183875466748862;original
19;physics;90,64040816326529;-61,25016574960147;31,887814972471226;5,401730030641947;-3,300612205957685;26,962594568463704;2,7690630628514676;original
20;physics;90,65071428571427;-61,1138567195592;31,778632413273673;5,254809222437658;-3,33412140941048;26,875482546509666;2,916122067225624;original
21;physics;90,68489795918366;-61,261286758497334;32,06318483002216;5,341751101593519;-3,339791676252976;26,743899229222436;2,834934449223524;original
22;physics;90,74204081632652;-60,92236837779352;31,64013427526337;5,271613603829324;-3,315716543742261;26,889232448560836;2,922743700916292;original
23;physics;90,72132653061223;-60,91054262527788;31,669622236788147;5,277311995300706;-3,2847151676990785;26,83669551548055;2,9125131505096973;original
24;physics;90,73367346938774;-61,32359679198922;32,411303022354495;5,206762071741923;-3,3285336832072883;26,60188711673442;3,057456492147334;original
25;physics;90,82224489795918;-60,260887981933;30,515095441822247;5,4708986716187775;-3,5300415763186317;27,1547734206469;2,5237772706781296;original
26;physics;90,56336734693876;-60,98876995018143;31,721410218247392;5,26871948917002;-3,295115820300991;26,831592970000532;2,8264625570489077;original
27;physics;90,66704081632652;-60,913324682300775;32,02438819691788;5,355817667165527;-3,330893402810821;26,494614178234343;2,8183410153384414;original
28;physics;90,6108163265306;-61,29861312867765;32,08396573587833;5,278425420919935;-3,3153372866109363;26,776127440310944;2,880169341892638;original
29;physics;90,56469387755101;-62,09561294590698;32,974999667745465;5,236318428111623;-3,3142161945736768;26,896970034646078;3,0557260629858463;original
30;physics;90,70448979591835;-61,14033390060874;31,767908021239336;5,290088133408339;-3,305483127347022;27,02798134132157;2,947139211663645;original
31;physics;90,62724489795917;-61,097774359040876;31,844567053177823;5,274255761104241;-3,3146388550037473;26,813510621369474;2,8884628352549946;original
32;physics;90,8138775510204;-60,78892589012705;31,549767287919845;5,2278414854310515;-3,319776527999727;26,80076247240744;2,900915162004422;original
33;physics;90,80295918367344;-61,70710297402555;32,64138223609969;5,167012779118429;-3,3044114297780562;26,679383960188304;2,996543678146621;original
34;physics;90,53959183673467;-59,83737473136622;31,06307800796287;5,084276613545944;-3,2903421618705124;26,412270480081887;2,978283464756179;original
35;physics;90,47193877551018;-60,67650470216358;31,323620618353207;5,047717764573902;-3,2516762407569626;26,910913526525405;2,8033243914168278;original
36;physics;90,9658163265306;-64,0824633583941;34,96733684507323;6,004406395645371;-2,3405284714970267;26,58892279211708;2,566337383601538;original
37;physics;90,51826530612242;-60,86535791925325;31,64683921964815;5,3017333279424665;-3,369166564810329;26,809154294384655;2,6326270432428283;original
38;physics;90,55367346938773;-60,7346260128119;31,96871256350681;4,825597850224359;-3,2504722691293533;26,47176998669757;3,2839872838303052;original
39;physics;90,99214285714284;-58,64729086002463;29,381218633992667;5,6159515205549475;-2,7017838554537064;26,728023935750358;2,7089105263722555;original
40;physics;90,83255102040815;-60,874889158770856;31,568722746496604;5,123857480867906;-3,332893067914451;26,954425605381825;3,0350291743804303;original
41;physics;90,61540816326529;-60,575891994233444;30,75927643825045;5,322705099599065;-3,26665203590231;27,305907310790072;2,9023515045097574;original
42;physics;90,5312244897959;-60,56641297513486;30,786626577726825;5,158936485476513;-3,2326594987433706;27,310852441398207;2,8985452124644104;original
43;physics;90,94571428571426;-60,95899793839826;31,688578125950016;5,232238889520289;-3,259549646387805;26,840100588378238;2,764500837588125;original
44;physics;90,83377551020406;-60,937951654892544;31,70353206696684;5,358316843180094;-3,1361272127986735;26,78994654125878;2,8522607010149965;original
45;physics;90,6409183673469;-60,29071631864997;30,56748373014463;5,2053830166392405;-3,427576882109305;27,331935911326283;2,8233474959473206;original
46;physics;90,58530612244897;-61,0571715858905;31,804614163518142;5,253399356180906;-3,3084884602454436;26,816450872090407;2,8465217644480894;original
47;physics;90,96979591836732;-61,50349715393516;32,115335675038466;5,0568022423121795;-3,1103052468844727;26,99393933848841;3,0441447572871687;original
48;physics;90,90030612244897;-61,24479121601372;31,922689946141737;5,196741064415033;-3,223433054137081;26,90123399270924;2,9422647608879653;original
49;physics;90,8642857142857;-61,36518762086616;31,85460110753541;5,183984064286896;-3,3254663575294954;27,080829715961723;2,9142914334849537;original
50;physics;90,85877551020405;-61,26276350634492;31,822061062482913;5,194748235082027;-3,321489505591755;27,01016590502936;2,9116175151508834;original
51;physics;90,89479591836734;-61,14745087132258;31,849143090295865;5,207683537828461;-3,2447289395121395;26,87274345233246;2,923595709264403;original
52;physics;90,69979591836733;-59,75255187669943;31,265115892670558;5,384052821745054;-3,260294679820328;26,047448260921204;2,8654199693712346;original
53;physics;90,87418367346937;-61,35540377581575;31,767081494279054;5,1329692332432835;-3,352960764191106;27,15685424722767;2,9170741122728003;original
54;physics;90,82571428571427;-61,31046464403409;31,819342182975255;5,225903770345055;-3,344386999489669;27,05510877175779;2,890536006467565;original
55;physics;90,64061224489795;-60,46354710916184;31,491629180614236;5,274731737458524;-3,253562534766129;26,541217062497022;2,9172199659676026;original
56;physics;90,6538775510204;-59,18871515740026;30,831270329679093;5,3293457460916045;-3,2859063488386924;25,917151012794353;2,8926151607974395;original
57;physics;90,68948979591835;-60,604343613904945;31,521912183513866;5,288097035909824;-3,3149912786722595;26,64554175504287;2,893056711852826;original
58;physics;90,71306122448978;-59,70918518370822;31,104334144453404;5,377501735382179;-3,3242921990107686;26,154135025241832;2,8338052665252076;original
59;physics;90,54418367346938;-59,85515520878213;31,099372262299553;5,111143108073442;-3,2269250267035976;26,335648276865818;2,9800669479898536;original
60;physics;90,77214285714284;-61,92030720181223;32,05656791041877;5,2985309218614365;-3,4031361703733243;27,411429414942702;2,821227363983542;original
61;physics;90,77346938775509;-60,69681183990845;31,621632388359153;5,300232597825329;-3,307203246551692;26,637108867296515;2,875815064775203;original
62;physics;90,6423469387755;-58,950840618059445;30,61353617342321;5,3070854687187135;-3,315582694543439;25,89291773675394;2,8883183012213363;original
63;physics;90,81979591836733;-60,91230353406041;31,690153209760776;5,256610461205352;-3,3220858190277096;26,784766370803894;2,8786580092187184;original
64;physics;90,57714285714285;-58,52586453169944;30,467621315062907;5,192736210873132;-3,2003384000588193;25,64126695015686;3,010792075023578;original
65;physics;90,61357142857142;-58,85886407038061;30,530737173655794;5,2143461343085775;-3,2923405700471022;25,895820672808185;2,956279728636612;original
66;physics;90,5942857142857;-59,61604844678586;31,044484913468203;5,200540475384312;-3,2110346639655605;26,15242652039618;2,982595279132156;original
67;physics;90,62520408163263;-60,118384430277374;31,272819174730788;5,238945182897964;-3,2679975653366258;26,41641269119333;2,9335971964614282;original
68;physics;90,87418367346937;-61,0581415987765;31,766754428013318;5,21872652107849;-3,2922507807858277;26,859842550861128;2,900563253233469;original
69;physics;90,73959183673468;-61,40580109609186;31,97814723213519;5,319789506576117;-3,325652850643567;26,989274389382274;2,8680490343566283;original
70;physics;90,57551020408162;-58,04375213241112;29,999209279843825;5,15645388088007;-3,303506523448531;25,61222403343723;2,982112953162861;original
71;physics;90,61357142857142;-58,600304557561316;30,26667144349303;5,199732101509531;-3,347946240529472;25,891663356011005;2,9323924993072814;original
72;physics;90,61408163265304;-59,30535898190645;30,852725902118532;5,224641655041705;-3,246038325851894;26,02772439994952;2,9662925908962503;original
73;physics;90,86642857142854;-61,19404260116788;31,86572843397083;5,232055088423563;-3,271584321257464;26,900503088739537;2,91544522016058;original
74;physics;90,71969387755101;-61,826844723285184;31,30666674156579;5,3809632750452066;-3,365656693461209;28,028732541841475;2,764551097086225;original
75;physics;90,7338775510204;-60,59356126143421;31,231769958658326;5,198630504687794;-3,399796794559796;26,79168575587009;2,9856222530734446;original
76;physics;90,80571428571427;-62,743022132250665;31,95543392667066;5,273526669947174;-3,286431318018146;28,444367619659886;2,945357945313767;original
77;physics;90,73204081632652;-60,737909600961046;31,352652499026526;5,335115796697411;-3,333266597021889;26,930688580545798;2,8370038339509414;original
78;physics;90,81316326530612;-58,59271566344863;30,373106660065016;5,439946477688744;-3,3939838067075128;25,636854490422202;2,7347400552226784;original
79;physics;90,99989795918366;-63,76608290043492;33,437817988888575;5,107530755220764;-3,248080360767778;27,98297573576339;2,8708334837274516;original
80;physics;90,70622448979591;-60,00863330886891;31,45349471950653;5,313560395981037;-3,3378605423594516;25,990680422281272;2,8956818251433014;original
81;physics;90,75459183673469;-61,353331278876794;31,90245168693333;5,299260190086904;-3,3090530893861874;27,038753219348507;2,8850238719564874;original
82;physics;90,75877551020407;-62,71282315480795;32,80096030011722;5,364966636862397;-3,3672569963265517;27,43369113011378;2,805915120960495;original
83;physics;90,84030612244896;-56,774306266346535;27,95915762638969;5,261803785220557;-3,3077028220677747;26,5319580191632;2,9156827295745167;original
84;physics;90,7492857142857;-61,37884831835664;31,87375137873278;5,352306711309828;-3,3444450300041417;27,157102592807238;2,8311508572576236;original
85;physics;90,57153061224489;-60,99800930819403;31,757712081152096;5,146014782066725;-3,2975774123350616;26,859549759824297;2,844453357417735;original
86;physics;90,78999999999999;-61,26700380524377;31,971160809408357;5,329635454793827;-3,3331005439947066;26,91225097510362;2,8441740281787857;original
87;physics;90,78785714285712;-61,98304092482391;31,73486479079778;5,3680401956620765;-3,3776516127280196;27,738305434891103;2,806531878737035;original
88;physics;90,81734693877549;-61,197433745284194;31,88032015208026;5,306713401291956;-3,3003602888668357;26,931785415481116;2,8889395055145237;original
89;physics;90,76540816326529;-64,48305831879713;34,41052865407849;5,287998647836676;-3,35358622418153;27,590689853404275;2,9187784560130017;original
90;physics;90,81397959183671;-60,1113509350443;30,84181100289172;5,291281713412175;-3,315258223764811;26,923590627978513;2,894935585146533;original
91;physics;90,9273469387755;-61,97779793514465;35,0820844769191;5,244855798977941;-3,391965981394491;24,735942241743757;2,913420033686407;original
92;physics;90,76183673469386;-61,101472503507956;31,779939540734183;5,304442150382354;-3,307722841957705;26,926968910017536;2,8839424556774267;original
93;physics;90,88051020408162;-61,53833680426351;33,168734589736665;5,332757811261396;-3,4632788882922707;26,113215238940537;2,7468681719150223;original
94;physics;90,67775510204079;-55,65257832482057;27,693076119040597;5,394770126065065;-3,3107939773177506;25,713763764319413;2,7805288957582515;original
95;physics;90,78408163265304;-60,06522607510321;31,619365954670556;5,8040961295365765;-3,36885199056656;26,2862005785559;2,5486150508512875;original
96;physics;90,67153061224488;-62,828432981063344;32,563963066471146;5,1868145726741;-3,272775739631217;27,82999394986671;2,9849097032452843;original
97;physics;90,66928571428569;-63,82276727242706;34,02841481292555;5,247741987899104;-3,273396337518015;27,347788148967876;2,933437792595093;original
98;physics;90,64295918367344;-60,28085352881966;30,618558772618194;5,262620449309311;-3,3055406900951163;27,194963710298357;2,866672554418426;original
99;physics;90,91795918367345;-59,90065821807546;31,32868990491397;5,342101963778734;-3,2469882520902766;26,2523268431796;2,8118596755630425;original
1;normal;91,34709677419352;-162,12684480726233;120,76387440694413;7,04802358587782;-2,1555765804991642;39,371707812586166;2,670929882039027;cleaned
2;normal;91,41215053763439;-158,67529275039692;107,23025517884223;6,763191545388924;-2,4139378084294147;49,49693833116365;2,619698050414556;cleaned
3;normal;91,45763440860213;-147,81622111337742;105,52392016413849;6,58295074718167;-2,4603692083083595;40,28662996752118;2,720398487694494;cleaned
4;normal;91,55204301075267;-141,90370037147218;102,82998370417754;6,6512173415715035;-2,4566934968998058;37,02033185940554;2,482292424950237;cleaned
5;normal;91,43860215053762;-147,35367659715777;104,33019076013694;6,6014562560550045;-2,534708605895753;41,002269293670224;2,647932275242389;cleaned
6;normal;91,47225806451611;-159,3753582193172;107,47250990816865;6,73294313591809;-2,403532300015574;49,95780256712688;2,607421979355337;cleaned
7;normal;91,24301075268815;-162,42656678030224;105,58086117103885;6,959578209908485;-2,4331790209995225;54,97053647890903;2,445627798736624;cleaned
8;normal;91,34032258064515;-161,48206424601395;109,92689054069506;6,821536689680219;-2,365751386371611;49,693516621660045;2,662010903516716;cleaned
9;normal;91,27247311827955;-161,2676835939043;108,360777859954;6,79983042697424;-2,3993164068695427;50,99007061617069;2,649632241344076;cleaned
10;normal;91,1795698924731;-161,6648208742334;107,13798909339904;6,7728144115829325;-2,3838738521649874;52,591871147074826;2,622341796820511;cleaned
11;normal;91,11924731182796;-163,25973937117237;109,65650058844179;6,857568879198055;-2,372924047234199;51,750198043216685;2,5007675338794493;cleaned
12;normal;91,19086021505376;-163,06465636153175;104,91350325777279;6,900722709576048;-2,4422011951386478;56,272633729111604;2,4625213956662764;cleaned
13;normal;91,22634408602147;-161,243033611952;107,83965722164373;6,825114592999131;-2,383216083409213;51,50795949908611;2,621267270246406;cleaned
14;normal;91,41451612903225;-165,2538571337279;115,32558203945541;6,901753251753697;-2,607777838405498;47,865284502772695;2,405415691022512;cleaned
15;normal;91,34559139784945;-162,6831206126799;110,06015228032996;6,979334521222241;-2,5991108351647476;50,58645860858916;2,317257986524227;cleaned
16;normal;91,16204301075267;-159,70297886322453;109,3259716377168;6,671653384271539;-2,4510240024589924;48,618999039427514;2,784094745307378;cleaned
17;normal;91,31064516129028;-161,88396195578943;106,71102590998976;6,869795871868038;-2,4218167223440066;53,28090968207094;2,5467036289790337;cleaned
18;normal;91,21268817204303;-162,90475163012914;108,74762752033635;6,965115509073594;-2,368214982653543;52,27957303040422;2,4792553781373567;cleaned
19;normal;91,22354838709677;-161,63930038861773;107,85120771890189;6,770646050207131;-2,4155888292668757;51,85152520924123;2,6562184851605104;cleaned
20;normal;91,2595698924731;-161,426960968956;110,9779639097469;6,891004747556504;-2,421323478524759;48,503799919499684;2,5646394853290273;cleaned
21;normal;91,31978494623654;-161,70083782965727;107,44537313937317;6,78482954945107;-2,404642136785666;52,3776293373405;2,6624628528538126;cleaned
22;normal;91,29795698924728;-161,49662997135655;107,77676484499268;6,796665305795447;-2,377419411571482;51,837105054003054;2,648451691192738;cleaned
23;normal;91,31096774193546;-161,65540577272495;111,75181236923345;6,696067508693709;-2,424738897021841;48,12941745128172;2,84828292955621;cleaned
24;normal;91,4043010752688;-160,82682262970982;101,0691748284689;6,9486264813306535;-2,6201370342843977;57,683725849622945;2,2573058079547255;cleaned
25;normal;91,1315053763441;-162,41678093353815;108,27019040060264;6,795375280551245;-2,3712981173515066;52,218991708830956;2,532895527348881;cleaned
26;normal;91,24075268817202;-159,8878757637924;110,83397836933914;6,8815557708442165;-2,4023837239791033;47,18142328026084;2,5763171255272956;cleaned
27;normal;91,18150537634406;-161,97116693769652;111,27389837604586;6,788813984628251;-2,392128736196129;48,77426653507751;2,6660053029633373;cleaned
28;normal;91,28021505376344;-162,95286527395447;107,58643097378425;6,793980001454545;-2,3999786597278123;53,54862583979944;2,7020111185468703;cleaned
29;normal;91,19881720430108;-161,55685968767412;108,64610164615507;6,77951567206398;-2,3954442729970586;50,98333284951761;2,649442367056774;cleaned
30;normal;91,39548387096771;-164,48559722997229;112,3861083016071;6,911423357178505;-2,3827183345080267;50,18698101252541;2,543388830788278;cleaned
31;normal;91,38397849462366;-162,10953335878452;111,46132998585918;6,68208489136709;-2,3934289195764125;48,76669239000841;2,7588675963316667;cleaned
32;normal;91,1064516129032;-159,72562259951403;106,89939980388397;6,644410840204351;-2,394722965585357;50,952469037578624;2,6726355589419732;cleaned
33;normal;91,03516129032259;-161,54858889259233;105,84767060114574;6,48133612095342;-2,3427278261499205;53,73869146998733;2,5469582496432035;cleaned
34;normal;91,08397849462366;-161,12534244889594;107,5466323356785;6,783136733894297;-2,4509499704204676;51,67222575876097;2,3962456696293404;cleaned
35;normal;91,12129032258062;-160,33143002580576;109,36232542091396;6,3785976920501;-2,3670730759453673;49,16058652426828;2,97556965534353;cleaned
36;normal;91,58333333333333;-156,92576020093892;97,75678697853847;7,29715327712461;-1,6614498115814937;57,07481905003629;2,307461278835066;cleaned
37;normal;91,41516129032259;-161,9232712655484;106,63617273465643;6,638643953946099;-2,4279320101604673;53,44802624237162;2,7424144816977982;cleaned
38;normal;91,18634408602153;-162,94367808371845;101,70273902166748;6,8185573931864;-2,3531854724122447;59,21547067828673;2,6115789768917224;cleaned
39;normal;91,09763440860213;-163,21837325233085;101,56886307468974;6,615438430842475;-2,317870911388672;59,658345682100055;2,6266297011288477;cleaned
40;normal;91,53440860215053;-161,35109574988607;107,63323531239162;6,72656532657215;-2,343283609372524;51,80417368502875;2,4997219925534195;cleaned
41;normal;91,41645161290322;-160,93090471392173;108,67077657002592;6,974405692536374;-2,123358825163582;50,3013081987977;2,5558820064028405;cleaned
42;normal;91,21322580645158;-162,1232951553961;103,72582864153767;6,719302825870134;-2,473935410014088;56,508768775923194;2,585502396671175;cleaned
43;normal;91,15462365591397;-164,74202912474863;111,38308536940235;6,743919216553289;-2,3762231301235053;51,455023559205664;2,687411002898135;cleaned
44;normal;91,55978494623653;-163,97960762186221;110,48450250293213;6,531155388699666;-2,159503907934998;51,61962403942341;2,8308000893500695;cleaned
45;normal;91,48655913978492;-163,2852443452075;109,70182366655307;6,677964938691221;-2,2776949259667636;51,68442401025159;2,7239209201718872;cleaned
46;normal;91,44860215053761;-163,62227655775354;108,27069617629564;6,675928181694435;-2,41321052305727;53,43769270691757;2,6654731228718784;cleaned
47;normal;91,4427956989247;-163,20165221394967;108,34211554419771;6,687241400539032;-2,407604339045314;52,94512126457651;2,6633307259080334;cleaned
48;normal;91,48075268817202;-162,94078284550517;109,28622461064225;6,687336422261053;-2,3059601207782747;51,75005344179168;2,6995576459044544;cleaned
49;normal;91,27526881720428;-157,41222917468443;108,78487558076908;6,898824750382765;-2,3289151063352045;46,7047323989167;2,618542718506835;cleaned
50;normal;91,4590322580645;-163,58002330797683;107,58428030050446;6,625299579401131;-2,444504106749674;54,079081616599424;2,661947299139598;cleaned
51;normal;91,4079569892473;-163,3874447106688;108,14851267148597;6,722828472922388;-2,434213166822292;53,31946527660251;2,6401795223298032;cleaned
52;normal;91,21290322580643;-160,96813775831487;108,38699361932723;6,80035478462806;-2,362396785578749;50,66234441992352;2,645802845219694;cleaned
53;normal;91,22688172043009;-156,41806532976364;106,99194885783895;6,832032607439144;-2,369779587126948;47,501585300099826;2,641272193951403;cleaned
54;normal;91,26440860215051;-161,98215260309155;108,6155504629052;6,818476167959348;-2,402587102516942;51,44570947758319;2,6288181038477103;cleaned
55;normal;91,28924731182794;-157,9242479049476;107,53243621039168;6,874395194854911;-2,4028891537970782;48,45997847240382;2,5881556615800574;cleaned
56;normal;91,11129032258061;-160,88984685231264;108,1374700842739;6,698372679401003;-2,3647494872120687;50,83330155365833;2,6413957848349567;cleaned
57;normal;91,35150537634405;-165,8570425061259;108,07508493113075;6,8000316263689715;-2,5138355996302035;55,847718514446484;2,5625341000872;cleaned
58;normal;91,35290322580643;-160,9337860901683;108,594845708667;6,806903975453492;-2,3863768993621473;50,41798168610219;2,627041006256476;cleaned
59;normal;91,21473118279566;-156,1097853855604;106,02897575616636;6,803762994397045;-2,4038593367782255;48,15234556846196;2,635430949701039;cleaned
60;normal;91,4017204301075;-161,7111105658032;108,451220628081;6,758309850747642;-2,4026838477688695;51,33925122862509;2,6281719651095794;cleaned
61;normal;91,14602150537632;-154,72676150647106;106,23847923449495;6,707279454207147;-2,2990940770475077;46,579742788699384;2,7429294182008492;cleaned
62;normal;91,18440860215051;-156,33684968382363;105,81333036395358;6,72375274927894;-2,3890393949866287;48,60358937923022;2,690104238770794;cleaned
63;normal;91,16408602150534;-158,55888387361097;107,60002169275944;6,732475155013576;-2,322488512117001;49,04763575458866;2,7013513156516487;cleaned
64;normal;91,19666666666663;-160,45491492813952;108,01972755603595;6,774650121232527;-2,3750057431744764;50,516825384788156;2,653375382094051;cleaned
65;normal;91,4590322580645;-162,51237519328973;108,63493673602625;6,704014396602391;-2,369798978556379;51,963845027221616;2,660089874849796;cleaned
66;normal;91,31720430107525;-164,5182694385613;109,87701138150558;6,857561189084351;-2,4053204562090675;52,72098519231723;2,606884361877157;cleaned
67;normal;91,1443010752688;-154,08658667841073;104,07075222984777;6,656497029183476;-2,4069594023859766;48,09418693176048;2,7121282845105177;cleaned
68;normal;91,18440860215051;-156,05676202540178;104,65667190674043;6,701933100471844;-2,4425654173267293;49,472573424142084;2,667777070093948;cleaned
69;normal;91,18494623655911;-157,46011808094752;106,9827981050703;6,744139498246999;-2,345345452478181;48,5631035015983;2,6973277856244424;cleaned
70;normal;91,45086021505374;-163,15844822204917;109,25299155598769;6,721707398471603;-2,3367240091541737;51,997906477463715;2,685045356247051;cleaned
71;normal;91,29623655913976;-164,71866315324573;102,83382122438684;6,86807427890465;-2,454935040837703;59,92333217951715;2,5121910939509924;cleaned
72;normal;91,31118279569891;-159,8459135285758;104,5338938765068;6,7029845444158305;-2,483090164573868;53,27710284332022;2,7078399480594766;cleaned
73;normal;91,38688172043008;-173,2014288369828;102,27084233726319;6,774960739987823;-2,3821462094830053;69,1267387220844;2,689793299185244;cleaned
74;normal;91,30924731182793;-161,44863080189535;107,62281687271464;6,806767533335282;-2,397049701424072;51,910241791946085;2,6525227048758895;cleaned
75;normal;91,39473118279567;-153,6873352168633;104,5686764613055;6,872380541098948;-2,4521776089744174;47,05416549078714;2,5133759219516447;cleaned
76;normal;91,59150537634407;-173,92990235417471;115,4954934936088;6,543293402503356;-2,280274260491844;56,609438010464665;2,6720825124111727;cleaned
77;normal;91,28204301075267;-156,2163667868399;107,66550772501755;6,813012479309113;-2,4085393312272454;46,51086591157876;2,652521309448;cleaned
78;normal;91,33301075268814;-162,85501239405377;107,91495349451398;6,7977331804106305;-2,423605239377566;53,04269411303022;2,6356905974116636;cleaned
79;normal;91,33741935483867;-165,57874334470728;110,50022947068055;6,890350999458712;-2,447928968784422;53,13572796206244;2,5560945341941324;cleaned
80;normal;91,4233333333333;-157,75084778925978;98,97754507454299;6,78302399150324;-2,4305522829675676;57,02012069447831;2,598814156455663;cleaned
81;normal;91,32741935483868;-162,48521380446468;106,97258299494091;6,888725476265677;-2,4499526798842384;53,70800114936896;2,5526981810164395;cleaned
82;normal;91,1401075268817;-157,36404207297267;107,96436123935628;6,660124662724898;-2,3800291008113112;47,60013969771022;2,57356887585295;cleaned
83;normal;91,37032258064512;-160,84468673044202;108,92007330594058;6,87025645449287;-2,4261029168699535;50,07239471746211;2,567021150982906;cleaned
84;normal;91,368064516129;-164,53079018535368;104,56527214724238;6,857397321334007;-2,4640741507027744;57,983768602669684;2,55103266476837;cleaned
85;normal;91,39913978494623;-160,8704739153215;108,46197193788167;6,83439964233789;-2,3539149681665865;50,57075952107263;2,646037786417968;cleaned
86;normal;91,34440860215051;-170,5771002395168;119,6972471456103;6,809502503631777;-2,415142015776292;48,948637789379156;2,7443893914624087;cleaned
87;normal;91,39559139784943;-160,0580783052649;104,03637017187343;6,803801320097638;-2,4128126506924428;54,20935660648862;2,6214350645986624;cleaned
88;normal;91,34064516129031;-160,7546543139866;107,12063986855523;6,818254062570244;-2,3873742956983715;51,76312856244351;2,6341707031100654;cleaned
89;normal;91,46569892473116;-157,297230504633;117,4737884258601;6,853595865335704;-2,550485471075201;38,11141247727343;2,5391707166217223;cleaned
90;normal;91,25204301075267;-147,6967009588261;91,9219241016495;6,825758250941774;-2,4374198757990975;54,10395125072255;2,4520025811864;cleaned
91;normal;91,24548387096775;-166,27197818270133;108,01753797628145;6,684926445252604;-2,359900508429434;56,364857568781986;2,7396730027539298;cleaned
92;normal;91,24311827956987;-169,25316913986262;120,1599473415572;6,760302819813546;-2,2939307067680574;47,19975778150529;2,7697200612123196;cleaned
93;normal;91,215376344086;-161,75413092333454;108,90121159684138;6,802721997468097;-2,3912721692105725;50,92877771990018;2,640721499592898;cleaned
94;normal;91,50516129032255;-154,67245409074667;107,54878670030743;6,8822889824282445;-2,299267029034806;45,35002688541409;2,543318114429676;cleaned
1;physics;91,34709677419352;-59,32135468119771;37,778233731204416;6,670252440311296;-2,449036009879835;19,460151818821476;2,206273394981513;cleaned
2;physics;91,41215053763439;-55,966994844822665;34,71153818779938;6,411601556244648;-2,6662374930851445;19,212125273248805;2,2066846395499584;cleaned
3;physics;91,45763440860213;-53,21001560570714;33,49934586641636;6,226114808119003;-2,7068885412435746;17,617252412563488;2,339489715542872;cleaned
4;physics;91,55204301075267;-51,0904188562106;32,240561447240296;6,334278464894252;-2,6971869169651557;16,700808139585845;2,061070294662755;cleaned
5;physics;91,43860215053762;-52,78770171082597;33,12340266989783;6,245951546769531;-2,801865114493513;17,55056295408365;2,256879509635561;cleaned
6;physics;91,47225806451611;-55,50618511005432;34,37574757226319;6,37292488299145;-2,6620881013763253;19,0825522797574;2,1696790745490624;cleaned
7;physics;91,24301075268815;-57,51408823019449;35,27930557000263;6,645626903887844;-2,647688950311344;20,277932606393126;2,051100407548969;cleaned
8;physics;91,34032258064515;-57,81418752332729;35,95508477937856;6,489169897732131;-2,6011258546203813;19,903610578858032;2,247470935906745;cleaned
9;physics;91,27247311827955;-57,624082241656595;35,67693376306357;6,478002360949776;-2,6249233073466707;19,947355981251835;2,242390284038782;cleaned
10;physics;91,1795698924731;-57,538389627881166;35,44707320180217;6,434874176942483;-2,6105529697444676;20,078130393586292;2,2478261966690973;cleaned
11;physics;91,11924731182793;-58,2304425724135;36,1126930559109;6,525858568686724;-2,6015971100305655;20,184853218511893;2,1019760785910493;cleaned
12;physics;91,19086021505375;-57,59314218178214;35,21536936334252;6,5845909238594365;-2,6536991640724383;20,421427202903832;2,0747171947532737;cleaned
13;physics;91,22634408602147;-57,51546002391582;35,584578954835656;6,5038977667135205;-2,602284219189578;19,951705686051024;2,2183024215012477;cleaned
14;physics;91,41451612903224;-59,5663786903401;37,23606636832985;6,554702785165372;-2,836278583555752;20,174518831776766;1,988757513423681;cleaned
15;physics;91,34559139784945;-58,28525062041225;36,10666862316201;6,641884669884039;-2,8163310101665093;20,052768190019382;1,9223324697646622;cleaned
16;physics;91,16204301075267;-57,230147206909635;35,731562065402656;6,345005395649279;-2,681430865467696;19,654522628729577;2,373880837361359;cleaned
17;physics;91,31064516129028;-57,53014259886009;35,41878271364684;6,559163710812027;-2,6426377869872764;20,13467983296545;2,1406074340624985;cleaned
18;physics;91,21268817204299;-58,03895897091528;35,9094303962206;6,625512991997158;-2,5951791168016314;20,169464288530015;2,0888704287342006;cleaned
19;physics;91,22354838709676;-57,66900312227482;35,633495519912;6,446426633836451;-2,6361181067721944;20,01685662865085;2,257642873390612;cleaned
20;physics;91,2595698924731;-57,93791318044215;36,06116205800197;6,542460732831583;-2,6480907493027575;19,847495546245224;2,166681596663518;cleaned
21;physics;91,31978494623654;-57,5840215706129;35,56216512072278;6,459500721859526;-2,625908744734034;20,05765177810277;2,267217612208166;cleaned
22;physics;91,29795698924728;-57,5731999573378;35,59560954038408;6,467546049855021;-2,594336054955451;20,004960498753412;2,2600659253563697;cleaned
23;physics;91,31096774193546;-58,05183915493263;36,33997471580604;6,36910474001238;-2,658232652834307;19,842129707043902;2,4215834434533074;cleaned
24;physics;91,40430107526879;-56,57497101618489;34,18584536143082;6,650587444610482;-2,835094826283892;20,227369079312375;1,8644521045126432;cleaned
25;physics;91,13150537634407;-57,741074722162985;35,69353278149678;6,454566657734978;-2,5998096803566866;20,04690669945722;2,1706501447154696;cleaned
26;physics;91,24075268817202;-57,56951695789659;35,99541762977075;6,548190678455484;-2,637825124467419;19,616055625917895;2,162850747891632;cleaned
27;physics;91,18150537634406;-57,94311775691287;36,01488317471438;6,458949974315603;-2,622233424368306;19,92233143630557;2,2338907345566468;cleaned
28;physics;91,28021505376343;-57,87865692825229;35,72023959265616;6,46968131881378;-2,620247746905635;20,252564343268425;2,303422596545637;cleaned
29;physics;91,19881720430106;-57,71941566081687;35,74438002021453;6,4574395888384535;-2,621196612758546;19,96815175390663;2,2399439111838637;cleaned
30;physics;91,39548387096771;-58,02397057397698;35,963707985160156;6,46475231437298;-2,623615706036387;20,062238199257312;2,203416278931491;cleaned
31;physics;91,38397849462363;-57,950904435368415;36,040275007808646;6,415971969358062;-2,5858326225329735;19,934002745266866;2,280894015471716;cleaned
32;physics;91,1064516129032;-56,73795486437239;35,10949981581406;6,279818467136579;-2,6122965551834585;19,682284236441014;2,3079022321635843;cleaned
33;physics;91,03516129032256;-57,28461120242575;35,14763726342716;6,1688631831847145;-2,5340429185696682;20,124175379268184;2,2421584467809734;cleaned
34;physics;91,08397849462364;-57,46375036341669;35,53161339982458;6,46489917326566;-2,6753957850774914;19,953571767457444;2,000585218830574;cleaned
35;physics;91,12129032258062;-57,43658759254005;35,79474190013061;6,0596468260614875;-2,59748038868167;19,750491702026288;2,561701831900103;cleaned
36;physics;91,58333333333331;-55,110955024679924;33,19408912089386;7,021599253005224;-1,8093215152521975;19,75039844985779;1,9428442223859759;cleaned
37;physics;91,41516129032256;-57,502016279045904;35,43422646532421;6,3119731853423415;-2,642236116132151;20,141222210724028;2,362718562896417;cleaned
38;physics;91,18634408602149;-57,22054196514336;34,57803922158945;6,522833420705339;-2,5479685861148704;20,55334776693687;2,256322248319788;cleaned
39;physics;91,09763440860212;-57,20764362314992;34,516473288418446;6,327714039517497;-2,5022232556806667;20,64452506451916;2,29570113689748;cleaned
40;physics;91,53440860215052;-57,51993544102438;35,53001760872446;6,417478675146075;-2,5567583059505568;19,9776189447346;2,0927285949250156;cleaned
41;physics;91,4164516129032;-57,61353417990961;35,713723015220836;6,647650211238534;-2,341686060041058;19,859849241886614;2,1513315582342094;cleaned
42;physics;91,21322580645158;-57,004081026761845;34,653645060835906;6,379898581362946;-2,7132943949746138;20,38711377576336;2,200140841352151;cleaned
43;physics;91,15462365591395;-57,91416775006266;35,852605337059686;6,424297327941701;-2,614343376639881;20,06134744631209;2,2180337041700704;cleaned
44;physics;91,55978494623653;-58,26347007163026;36,11783349768079;6,226083415796015;-2,4020383385279547;20,18006253087671;2,399559573374369;cleaned
45;physics;91,48655913978493;-57,97636269873089;35,88981844792314;6,36988927911508;-2,5187087866408397;20,098510890845816;2,297801355104763;cleaned
46;physics;91,44860215053761;-57,94801588662932;35,715708242486926;6,362452044860073;-2,6340320911780037;20,234433856853457;2,2617272949505587;cleaned
47;physics;91,4427956989247;-57,84906706741445;35,686830285422715;6,37471766137238;-2,6295068786715063;20,16355715568905;2,257939917946324;cleaned
48;physics;91,48075268817202;-57,850231733667776;35,791153860759344;6,379766369009463;-2,543521171856964;20,06644067888087;2,2775196871918117;cleaned
49;physics;91,27526881720428;-56,41368485578498;35,19581899914368;6,584454172229546;-2,555209558689173;19,210239034758903;2,2085040367350013;cleaned
50;physics;91,4590322580645;-57,87152225740162;35,59783608523715;6,311921680745965;-2,6614127712797373;20,27422470668372;2,2638056122936696;cleaned
51;physics;91,4079569892473;-57,87568109869807;35,671734712151995;6,407192478857811;-2,6516420321651255;20,201147641726315;2,2391805929853703;cleaned
52;physics;91,21290322580643;-57,17556578056154;35,419748563710684;6,46574400942877;-2,566463924282075;19,756009693868997;2,2594474672021403;cleaned
53;physics;91,22688172043009;-55,85929779229248;34,728048693906395;6,516068215059159;-2,592013331743609;19,123293000699356;2,241550979491145;cleaned
54;physics;91,26440860215051;-57,40936252254251;35,50595122253427;6,48113780932051;-2,6242536853041782;19,899149313150378;2,234988272980323;cleaned
55;physics;91,28924731182794;-56,35251443926519;34,990372019674204;6,56283815094543;-2,628712792510341;19,345794181571243;2,1820635805392428;cleaned
56;physics;91,11129032258061;-56,886603828498295;35,204784159465724;6,320173300159493;-2,5609044414831965;19,68584479167447;2,290615479370366;cleaned
57;physics;91,35150537634405;-58,47704949825492;35,88378564476437;6,474627963650296;-2,7178411729627703;20,57780399970744;2,172842041218029;cleaned
58;physics;91,35290322580643;-57,30427836897318;35,51281721899482;6,491256847686662;-2,6078733710067463;19,786365354040736;2,2216773354985895;cleaned
59;physics;91,21473118279566;-55,62211909335333;34,495313814335844;6,487040119215988;-2,625802474465128;19,115506530292677;2,2403585180976555;cleaned
60;physics;91,4017204301075;-57,4964124927354;35,56761662669632;6,444879499596464;-2,6249122142392363;19,92396644465121;2,2226272842901538;cleaned
61;physics;91,14602150537632;-55,2549950187356;34,392612091042146;6,381376707141649;-2,5123410402688133;18,87265298589384;2,3566836126077177;cleaned
62;physics;91,18440860215051;-55,59397422913455;34,44502197113029;6,396007422159579;-2,6075189039318656;19,147513869834523;2,3050635190191278;cleaned
63;physics;91,16408602150534;-56,39472805238187;35,00417132894855;6,393435274151852;-2,527681700472976;19,3990107459884;2,3211568034667756;cleaned
64;physics;91,19666666666663;-56,922611722859536;35,24753430096326;6,43246276886604;-2,584618722437376;19,675682597678982;2,2711642498462186;cleaned
65;physics;91,4590322580645;-57,69536739543775;35,65990636876333;6,394563381607085;-2,598294020214591;20,03610553788533;2,248386332586549;cleaned
66;physics;91,31720430107525;-58,23817089575078;35,9914297537084;6,517606115002824;-2,6307189071461003;20,2419540414042;2,207628563823994;cleaned
67;physics;91,1443010752688;-54,758122012894546;33,88317457137332;6,330178068065805;-2,623605032631123;18,873066396188673;2,334873180116885;cleaned
68;physics;91,18440860215051;-55,33428267749468;34,16879510269778;6,373601646999604;-2,6645475361069058;19,156640133586148;2,2863759438861764;cleaned
69;physics;91,18494623655911;-56,05107763329344;34,78871393766213;6,413755440538347;-2,5591232133153454;19,266626054081915;2,310420679747808;cleaned
70;physics;91,45086021505374;-57,897941873603344;35,805419402679846;6,409476552391651;-2,5715862299908494;20,097730315353154;2,267427169651491;cleaned
71;physics;91,29623655913976;-58,2970938682059;35,30080467967964;6,5494590460817586;-2,6563591415911914;20,951649132023768;2,1407157203883145;cleaned
72;physics;91,3111827956989;-57,209674061039955;35,10922388473067;6,377591207716607;-2,7013698218462663;19,986861782476463;2,3293293464644886;cleaned
73;physics;91,38688172043008;-59,923487403292654;36,00532561837486;6,462017250379926;-2,583871147875739;22,031114052859127;2,3076512433490315;cleaned
74;physics;91,30924731182793;-57,55239496353368;35,48007732606593;6,509501212140062;-2,6308264875843372;20,062301187510233;2,2070646068303956;cleaned
75;physics;91,39473118279567;-55,249491736824105;34,28794705408321;6,598506667033424;-2,6885147200534636;18,818229800354402;2,0941387587905473;cleaned
76;physics;91,59150537634407;-60,950581428256086;37,76871552013357;6,257105136481672;-2,544791621518529;21,27832266313281;2,2324535668236094;cleaned
77;physics;91,28204301075266;-56,684886098188194;35,34576214847631;6,4913694889239535;-2,6390700852349767;19,217004970944746;2,2468153374678494;cleaned
78;physics;91,33301075268814;-58,099188806467254;35,91516457472151;6,482644912940155;-2,624308207313885;20,209228997310213;2,234164972347941;cleaned
79;physics;91,33741935483867;-58,97583364198329;36,48588292519369;6,5345807823295345;-2,6576426033177536;20,463608925616523;2,1755542053514465;cleaned
80;physics;91,4233333333333;-52,30537096443756;30,963427461827813;6,443656686846906;-2,6187451018193157;19,515507168754347;2,265892598050462;cleaned
81;physics;91,32741935483868;-58,07759336477554;35,873259417678725;6,561019810990841;-2,6662275297817675;20,31436628240204;2,1593301611006797;cleaned
82;physics;91,14010752688169;-56,731301509274395;35,49985083085945;6,391158436516342;-2,609187717233213;19,32552838294959;2,1533898221258094;cleaned
83;physics;91,37032258064512;-57,93937504969362;36,045799441612346;6,536953704508191;-2,650773662108702;19,96115160508632;2,1670925174404383;cleaned
84;physics;91,368064516129;-58,43218449636176;35,62717353502626;6,532961512809761;-2,6680432896697885;20,745675004049133;2,1736870830999986;cleaned
85;physics;91,39913978494621;-57,881069528216514;35,967924467218204;6,505992724491329;-2,5849371324128345;19,988412185053203;2,239143806538564;cleaned
86;physics;91,34440860215051;-60,38316310318958;37,75093183526988;6,471053942783554;-2,650617250222243;20,606352231840006;2,2652410812517765;cleaned
87;physics;91,39559139784943;-56,25844772671184;34,362799649157296;6,476837876434544;-2,621480942206796;20,003488224842958;2,2450003431729866;cleaned
88;physics;91,3406451612903;-57,47113037178195;35,62568945360165;6,490311046576871;-2,6253331189340523;19,893147138138747;2,227856044503405;cleaned
89;physics;91,46569892473116;-58,069474013802335;37,269208181173695;6,51028246329601;-2,8042545049939824;19,0018121162696;2,0889556100971824;cleaned
90;physics;91,25204301075266;-50,539147520109715;30,41364862695283;6,640128618960571;-2,6173644123728326;18,367649364436556;2,0965991161108004;cleaned
91;physics;91,24548387096772;-58,67309575748596;36,129735327198865;6,411049203792005;-2,5968334627724676;20,5602083696943;2,287306714034033;cleaned
92;physics;91,24311827956987;-59,84945395527371;37,452528527864395;6,441385319127487;-2,5848258186633117;20,39768540058025;2,2719220926427246;cleaned
93;physics;91,215376344086;-57,35000550225592;35,13027393111173;6,453274542167703;-2,6132099884689355;20,20129496993361;2,223390581135803;cleaned
94;physics;91,50516129032255;-55,98065430123827;35,16362598319096;6,57288141379939;-2,5167502100781167;18,96175147760099;2,125577517605623;cleaned
