fold;original_index;current_position;true_value;predicted_value;error;absolute_error;squared_error;rmse;final_physics_penalty;constraint_violations;Width;Height;Density;Growth-ring width;Test span;Dynamic E;Density_constraint_violated;Dynamic_E_constraint_violated;Growth_ring_width_constraint_violated;Height_constraint_violated;Test_span_constraint_violated;Width_constraint_violated
36;35;35;65,72;84,82844429393825;-19,10844429393825;19,10844429393825;365,1326433345412;19,10844429393825;248,65427997641905;2;14,91;5,76;492,29;3,68;168,0;11455,97;False;False;False;True;True;False
16;15;15;104,9;91,1299773330416;13,770022666958411;13,770022666958411;189,61352424854843;13,770022666958411;277,17411130556894;2;14,86;5,95;497,74;2,13;168,0;13214,49;False;False;False;True;True;False
89;88;88;76,66;90,02977880689954;-13,369778806899546;13,369778806899546;178,75098534542025;13,369778806899546;291,67710388188857;2;100,88;40,15;490,25;1,21;1120,0;12677,0;False;False;False;True;True;False
4;3;3;68,63;80,93504445254557;-12,305044452545573;12,305044452545573;151,41411897912258;12,305044452545573;219,72844892957232;2;15,6;6,04;438,11;2,08;168,0;10663,93;False;False;False;True;True;False
14;13;13;81,42;93,70570041911176;-12,285700419111762;12,285700419111762;150,93843478816294;12,285700419111762;298,92261987774083;2;14,88;6,22;482,96;1,3;168,0;12567,69;False;False;False;True;True;False
90;89;89;96,53;108,645714451992;-12,115714451992005;12,115714451992005;146,79053668220794;12,115714451992005;210,3934107814307;2;101,26;39,36;605,26;1,15;1120,0;17923,0;False;False;False;True;True;False
67;66;66;106,55;94,96561078459331;11,584389215406688;11,584389215406688;134,19807349403078;11,584389215406688;250,71034030357382;2;50,0;20,0;517,83;1,73;560,0;14062,0;False;False;False;True;True;False
24;23;23;82,37;92,9292140959572;-10,559214095957202;10,559214095957202;111,49700232426127;10,559214095957202;262,9697275884717;2;14,95;5,95;487,04;1,3;168,0;11823,84;False;False;False;True;True;False
1;0;0;87,69;98,09299590160623;-10,402995901606232;10,402995901606232;108,22232372883606;10,402995901606232;300,9820541354624;2;14,99;6,13;534,67;2,33;168,0;15090,11;False;False;False;True;True;False
61;60;60;106,39;96,05696859655237;10,333031403447634;10,333031403447634;106,77153798463499;10,333031403447634;256,50478051970566;2;50,0;20,0;514,17;1,34;560,0;14017,0;False;False;False;True;True;False
38;37;37;102,64;112,86434711655566;-10,224347116555663;10,224347116555663;104,5372739598201;10,224347116555663;269,6801301118573;2;14,9;5,61;597,62;1,51;168,0;19227,87;False;False;False;True;True;False
23;22;22;91,05;80,8920898151017;10,157910184898299;10,157910184898299;103,18313932446058;10,157910184898299;285,71729178324887;2;14,86;5,98;454,05;2,53;168,0;10327,85;False;False;False;True;True;False
5;4;4;79,18;89,17846793638031;-9,998467936380308;9,998467936380308;99,9693610748251;9,998467936380308;234,19699283824716;2;15,58;6,03;457,39;1,27;168,0;13194,19;False;False;False;True;True;False
3;2;2;77,41;87,23131056351158;-9,821310563511588;9,821310563511588;96,45814118494431;9,821310563511588;238,76227467242725;2;15,54;6,02;455,58;1,67;168,0;13364,81;False;False;False;True;True;False
59;58;58;100,0;90,30475324272935;9,695246757270652;9,695246757270652;93,9978096843671;9,695246757270652;259,22152494570014;2;50,0;20,0;491,01;1,84;560,0;13408,0;False;False;False;True;True;False
53;52;52;98,87;89,56169051930537;9,308309480694632;9,308309480694632;86,64462538838957;9,308309480694632;261,9562641951633;2;50,0;20,0;483,69;1,73;560,0;13182,0;False;False;False;True;True;False
68;67;67;102,82;93,68197585533984;9,13802414466015;9,13802414466015;83,50348526839187;9,13802414466015;255,74721750700553;2;50,0;20,0;514,67;1,92;560,0;13972,0;False;False;False;True;True;False
77;76;76;93,74;85,17228276928556;8,567717230714436;8,567717230714436;73,40577854548104;8,567717230714436;269,7693446567256;2;100,43;39,87;484,66;1,9;1120,0;12537,0;False;False;False;True;True;False
62;61;61;102,82;94,28749208204445;8,532507917955542;8,532507917955542;72,80369136997402;8,532507917955542;258,8477850421048;2;50,0;20,0;512,0;1,68;560,0;13882,0;False;False;False;True;True;False
72;71;71;91,03;82,65079383525938;8,379206164740623;8,379206164740623;70,21109595122726;8,379206164740623;272,02202155305844;2;100,62;39,96;487,78;2,35;1120,0;11538,83;False;False;False;True;True;False
15;14;14;87,83;96,14420405469924;-8,314204054699246;8,314204054699246;69,12598906317739;8,314204054699246;284,30081791504404;2;14,95;6,18;495,3;1,02;168,0;12150,6;False;False;False;True;True;False
49;48;48;94,37;86,06041309281;8,30958690719001;8,30958690719001;69,04923456814363;8,30958690719001;267,96314014926173;2;50,0;20,0;460,17;1,64;560,0;12529,0;False;False;False;True;True;False
11;10;10;108,88;100,95662885001789;7,923371149982103;7,923371149982103;62,77981038036871;7,923371149982103;285,2591291785204;2;15,03;5,86;528,5;1,44;168,0;16838,68;False;False;False;True;True;False
75;74;74;83,26;75,44796279477211;7,812037205227895;7,812037205227895;61,02792529586486;7,812037205227895;254,96482911062148;2;100,18;40,0;434,43;2,41;1120,0;11224,0;False;False;False;True;True;False
28;27;27;93,91;86,13773666048687;7,772263339513131;7,772263339513131;60,40807741873981;7,772263339513131;281,0169593882465;2;14,98;6,06;467,12;2,11;168,0;11960,53;False;False;False;True;True;False
55;54;54;93,07;85,42903867528752;7,640961324712478;7,640961324712478;58,38428996575187;7,640961324712478;266,43096143384975;2;50,0;20,0;464,39;1,97;560,0;12686,0;False;False;False;True;True;False
94;93;93;72,99;80,28926688991076;-7,299266889910768;7,299266889910768;53,279297130147626;7,299266889910768;266,0047497808077;2;101,04;39,94;478,07;2,51;1120,0;11002,0;False;False;False;True;True;False
39;38;38;110,89;117,98166917326161;-7,091669173261607;7,091669173261607;50,29177166298897;7,091669173261607;269,59720383393204;2;14,83;5,41;626,08;1,64;168,0;21553,35;False;False;False;True;True;False
80;79;79;80,6;87,32465724943839;-6,724657249438394;6,724657249438394;45,22101512242435;6,724657249438394;223,2647903685132;2;101,1;39,17;501,92;1,78;1120,0;14118,0;False;False;False;True;True;False
69;68;68;102,77;96,15674144197352;6,613258558026473;6,613258558026473;43,73518875531039;6,613258558026473;263,57622988970803;2;50,0;20,0;515,31;1,38;560,0;14040,0;False;False;False;True;True;False
35;34;34;108,69;102,29426563268298;6,395734367317019;6,395734367317019;40,90541809728003;6,395734367317019;278,5575582969315;2;14,92;5,9;565,84;1,67;168,0;13602,1;False;False;False;True;True;False
81;80;80;89,52;95,72289712282176;-6,202897122821767;6,202897122821767;38,47593271631056;6,202897122821767;283,260683050665;2;100,65;39,87;528,88;1,26;1120,0;14224,0;False;False;False;True;True;False
44;43;43;67,91;74,10688350951798;-6,196883509517988;6,196883509517988;38,40136523053598;6,196883509517988;285,2887823267642;2;50,0;20,0;421,83;3,16;560,0;11491,0;False;False;False;True;True;False
76;75;75;64,96;71,13727382077217;-6,177273820772172;6,177273820772172;38,158711856797225;6,177273820772172;313,20712396211144;2;100,04;40,19;408,75;2,61;1120,0;9165,0;False;False;False;True;True;False
7;6;6;97,37;91,39957229151545;5,97042770848455;5,97042770848455;35,64600702224008;5,97042770848455;275,97063851950446;2;14,99;6,05;478,25;1,88;168,0;15358,52;False;False;False;True;True;False
12;11;11;102,22;96,3064145161744;5,9135854838255995;5,9135854838255995;34,97049327451285;5,9135854838255995;276,1928011213657;2;15,07;6,04;506,04;1,79;168,0;16273,65;False;False;False;True;True;False
57;56;56;87,28;93,09826968508787;-5,81826968508787;5,81826968508787;33,8522621284125;5,81826968508787;285,18199361212015;2;50,0;20,0;487,17;1,11;560,0;13251,0;False;False;False;True;True;False
73;72;72;83,99;89,6254718764026;-5,635471876402605;5,635471876402605;31,758543269724694;5,635471876402605;296,9588873003545;2;99,85;39,6;501,0;1,93;1120,0;14261,0;False;False;False;True;True;False
37;36;36;81,36;76,19817621574457;5,161823784255432;5,161823784255432;26,64442477970507;5,161823784255432;276,875519389442;2;14,9;6,1;455,26;3,37;168,0;8676,87;False;False;False;True;True;False
18;17;17;100,19;95,05917627423624;5,1308237257637614;5,1308237257637614;26,325352104860325;5,1308237257637614;282,71572629168315;2;15,02;5,93;490,06;1,46;168,0;16019,43;False;False;False;True;True;False
41;40;40;81,24;86,20022326866972;-4,960223268669722;4,960223268669722;24,603814875052542;4,960223268669722;278,3139171123125;2;14,92;5,91;506,0;3,52;168,0;12069,34;False;False;False;True;True;False
86;85;85;87,94;83,15219149645739;4,787808503542607;4,787808503542607;22,923110266594897;4,787808503542607;308,29241109477977;2;101,06;39,52;491,98;2,14;1120,0;12449,0;False;False;False;True;True;False
63;62;62;104,71;99,94315390567468;4,766846094325317;4,766846094325317;22,722821686984524;4,766846094325317;266,93558483378143;2;50,0;20,0;529,95;1,04;560,0;14446,0;False;False;False;True;True;False
26;25;25;97,58;92,9224364209857;4,657563579014294;4,657563579014294;21,69289849256044;4,657563579014294;280,0766013558852;2;14,74;5,8;492,58;1,89;168,0;14953,07;False;False;False;True;True;False
34;33;33;112,16;107,50254101658297;4,65745898341703;4,65745898341703;21,69192418221199;4,65745898341703;276,77340941543105;2;14,93;5,78;564,22;1,61;168,0;19790,13;False;False;False;True;True;False
84;83;83;85,74;81,24482272221414;4,4951772777858565;4,4951772777858565;20,206618758722264;4,4951772777858565;283,2797338594186;2;100,99;40,02;470,95;2,29;1120,0;12661,0;False;False;False;True;True;False
42;41;41;100,14;95,78711770049338;4,352882299506618;4,352882299506618;18,94758431335802;4,352882299506618;269,4182340196168;2;15,05;6,12;538,15;2,81;168,0;15429,13;False;False;False;True;True;False
50;49;49;77,28;81,26442916746068;-3,984429167460675;3,984429167460675;15,875675790511368;3,984429167460675;279,7083328073931;2;50,0;20,0;431,0;1,75;560,0;11763,0;False;False;False;True;True;False
87;86;86;83,18;87,1359841088358;-3,9559841088357928;3,9559841088357928;15,649810269361321;3,9559841088357928;263,49023722380076;2;100,84;39,52;496,84;1,79;1120,0;13614,0;False;False;False;True;True;False
46;45;45;78,25;81,98733105279142;-3,7373310527914185;3,7373310527914185;13,967643398159012;3,7373310527914185;280,84066729523244;2;50,0;20,0;441,93;1,97;560,0;12009,0;False;False;False;True;True;False
92;91;91;97,36;93,6475528018691;3,712447198130903;3,712447198130903;13,78226419890999;3,712447198130903;303,126220729317;2;101,08;39,44;530,42;1,3;1120,0;14553,0;False;False;False;True;True;False
83;82;82;85,53;89,21904739051904;-3,689047390519036;3,689047390519036;13,60907064949531;3,689047390519036;282,9578519146491;2;100,77;40,05;499,48;1,5;1120,0;12387,0;False;False;False;True;True;False
33;32;32;116,7;120,34155598685577;-3,6415559868557636;3,6415559868557636;13,260930005405054;3,6415559868557636;273,3897865776557;2;14,94;5,39;630,97;1,66;168,0;24145,24;False;False;False;True;True;False
71;70;70;92,42;88,91585745986312;3,5041425401368826;3,5041425401368826;12,279014941596964;3,5041425401368826;280,8530483949574;2;101,23;40,15;499,38;1,88;1120,0;15059,81;False;False;False;True;True;False
2;1;1;81,64;85,11005403429355;-3,470054034293554;3,470054034293554;12,04127500091697;3,470054034293554;262,3327532050599;2;15,52;6,0;451,31;1,69;168,0;12021,06;False;False;False;True;True;False
79;78;78;88,59;85,12578062039222;3,4642193796077834;3,4642193796077834;12,000815910050136;3,4642193796077834;291,6631359317469;2;100,99;39,69;491,04;2,11;1120,0;14031,0;False;False;False;True;True;False
82;81;81;106,94;110,3862702090687;-3,4462702090687003;3,4462702090687003;11,876778353914423;3,4462702090687003;272,28588991224086;2;101,35;39,82;615,31;1,06;1120,0;17797,0;False;False;False;True;True;False
6;5;5;76,05;79,49187178207666;-3,4418717820766602;3,4418717820766602;11,846481364255565;3,4418717820766602;257,6392829334422;2;15,62;5,97;429,36;1,94;168,0;10444,71;False;False;False;True;True;False
32;31;31;110,07;106,63581355767323;3,4341864423267623;3,4341864423267623;11,793636520660945;3,4341864423267623;270,01152841528483;2;14,74;5,99;570,27;1,47;168,0;15802,14;False;False;False;True;True;False
8;7;7;88,32;85,00037653965585;3,319623460344147;3,319623460344147;11,019899918467248;3,319623460344147;281,48695226673226;2;14,86;5,96;452,31;1,87;168,0;11792,66;False;False;False;True;True;False
66;65;65;90,47;93,67656287628672;-3,206562876286725;3,206562876286725;10,282045479580194;3,206562876286725;284,186598624684;2;50,0;20,0;508,33;1,73;560,0;13791,0;False;False;False;True;True;False
45;44;44;74,72;77,88337374613545;-3,1633737461354485;3,1633737461354485;10,006933457739022;3,1633737461354485;282,0048471660463;2;50,0;20,0;439,6;2,88;560,0;12054,0;False;False;False;True;True;False
85;84;84;82,85;86,0068116988158;-3,156811698815801;3,156811698815801;9,965460101780304;3,156811698815801;282,20468217518606;2;100,72;39,95;495,76;2,2;1120,0;13002,0;False;False;False;True;True;False
20;19;19;95,83;98,75858837764287;-2,9285883776428676;2,9285883776428676;8,576629885664884;2,9285883776428676;282,3883943280794;2;15,05;6,2;522,37;1,47;168,0;13897,33;False;False;False;True;True;False
51;50;50;82,03;84,93273970210355;-2,9027397021035455;2,9027397021035455;8,42589777816818;2,9027397021035455;280,0931497837327;2;50,0;20,0;452,0;1,66;560,0;12304,0;False;False;False;True;True;False
47;46;46;78,79;81,6587207786464;-2,8687207786463915;2,8687207786463915;8,229558905837559;2,8687207786463915;280,01979474605724;2;50,0;20,0;440,5;2,0;560,0;12034,0;False;False;False;True;True;False
17;16;16;91,08;88,2838003564688;2,796199643531196;2,796199643531196;7,818732446483987;2,796199643531196;276,6492299776675;2;14,97;6,08;464,23;2,09;168,0;14759,68;False;False;False;True;True;False
19;18;18;99,18;101,72245818700412;-2,542458187004115;2,542458187004115;6,464093632664253;2,542458187004115;278,4034051589645;2;14,95;5,96;514,48;0,96;168,0;16695,87;False;False;False;True;True;False
70;69;69;78,04;80,58115134274279;-2,541151342742779;2,541151342742779;6,4574501467234295;2,541151342742779;280,99111624719336;2;50,0;20,0;448,75;2,56;560,0;12234,0;False;False;False;True;True;False
64;63;63;101,68;99,19287654995384;2,4871234500461696;2,4871234500461696;6,185783055769562;2,4871234500461696;271,58683969593477;2;50,0;20,0;529,28;1,22;560,0;14446,0;False;False;False;True;True;False
48;47;47;75,26;77,65628415575566;-2,3962841557556516;2,3962841557556516;5,742177755125576;2,3962841557556516;280,6114352617996;2;50,0;20,0;437,17;2,82;560,0;11944,0;False;False;False;True;True;False
21;20;20;90,23;87,88314261609227;2,3468573839077322;2,3468573839077322;5,507739580402245;2,3468573839077322;277,8294769642711;2;14,96;6,08;481,05;2,2;168,0;11923,5;False;False;False;True;True;False
56;55;55;109,62;107,53485135810422;2,0851486418957847;2,0851486418957847;4,347844858799836;2,0851486418957847;271,1515316463125;2;50,0;20,0;572,88;0,88;560,0;15530,0;False;False;False;True;True;False
91;90;90;97,14;95,09309892412588;2,0469010758741177;2,0469010758741177;4,189804014414621;2,0469010758741177;288,0133023106429;2;101,37;39,87;540,21;1,3;1120,0;13764,0;False;False;False;True;True;False
31;30;30;84,26;82,42683267079325;1,8331673292067592;1,8331673292067592;3,3605024568710427;1,8331673292067592;282,710960750222;2;14,86;5,71;492,67;3,27;168,0;10087,14;False;False;False;True;True;False
58;57;57;87,15;85,33211705141382;1,8178829485861883;1,8178829485861883;3,304698414760414;1,8178829485861883;275,4433864645558;2;50,0;20,0;454,33;1,62;560,0;12349,0;False;False;False;True;True;False
10;9;9;103,27;105,04458292876848;-1,7745829287684813;1,7745829287684813;3,149144571076521;1,7745829287684813;276,6043662796687;2;14,9;5,78;524,88;0,73;168,0;18214,39;False;False;False;True;True;False
27;26;26;103,09;104,84472736893974;-1,75472736893974;1,75472736893974;3,0790681393061825;1,75472736893974;282,3284960965331;2;15,01;6,16;541,73;1,31;168,0;17255,49;False;False;False;True;True;False
52;51;51;100,17;98,52344385392136;1,6465561460786375;1,6465561460786375;2,7111471421893354;1,6465561460786375;274,1430641462885;2;50,0;20,0;517,97;0,95;560,0;14134,0;False;False;False;True;True;False
29;28;28;101,48;103,01179685001225;-1,5317968500122419;1,5317968500122419;2,3464015897074266;1,5317968500122419;279,39794431967135;2;14,98;5,97;535,16;1,45;168,0;17419,49;False;False;False;True;True;False
40;39;39;70,27;71,77937591077502;-1,5093759107750202;1,5093759107750202;2,2782156400279217;1,5093759107750202;276,9145481878069;2;14,89;6,09;417,9;3,04;168,0;6991,54;False;False;False;True;True;False
93;92;92;99,94;98,48112273047526;1,4588772695247343;1,4588772695247343;2,128322887535944;1,4588772695247343;273,70472403036496;2;100,82;40,34;538,61;1,32;1120,0;15539,0;False;False;False;True;True;False
65;64;64;77,28;78,72364194132564;-1,4436419413256374;1,4436419413256374;2,084102054754455;1,4436419413256374;278,8457205938023;2;50,0;20,0;434,83;2,45;560,0;11808,0;False;False;False;True;True;False
13;12;12;98,92;97,57539661655615;1,3446033834438538;1,3446033834438538;1,8079582587686593;1,3446033834438538;277,3887830482982;2;14,86;6,0;502,75;1,3;168,0;15324,74;False;False;False;True;True;False
78;77;77;89,0;90,13138122967403;-1,1313812296740338;1,1313812296740338;1,2800234868587288;1,1313812296740338;283,0519767587529;2;100,4;40,02;486,21;1,14;1120,0;13331,0;False;False;False;True;True;False
88;87;87;88,29;89,32257802880989;-1,0325780288098798;1,0325780288098798;1,066217385580897;1,0325780288098798;277,4878219843978;2;101,18;39,97;493,74;1,22;1120,0;13257,0;False;False;False;True;True;False
74;73;73;91,21;90,19299490739694;1,017005092603057;1,017005092603057;1,0342993583805524;1,017005092603057;276,88861597477506;2;100,57;40,09;497,6;1,76;1120,0;14951,0;False;False;False;True;True;False
22;21;21;92,26;91,25671819570017;1,0032818042998315;1,0032818042998315;1,0065743788391255;1,0032818042998315;277,87429034246566;2;14,97;6,19;481,59;1,31;168,0;10995,04;False;False;False;True;True;False
43;42;42;105,59;106,57064510421314;-0,9806451042131386;0,9806451042131386;0,9616648204171974;0,9806451042131386;281,31114016257203;2;49,93;19,99;558,76;1,31;560,0;18579,96;False;False;False;True;True;False
30;29;29;83,19;82,23501254446577;0,9549874555342228;0,9549874555342228;0,9120010402277292;0,9549874555342228;282,6469274440646;2;15,13;5,73;432,47;1,97;168,0;13518,47;False;False;False;True;True;False
9;8;8;94,63;95,37377747086617;-0,7437774708661777;0,7437774708661777;0,5532049261680879;0,7437774708661777;278,4567487125383;2;15,06;6,05;496,9;1,7;168,0;15875,67;False;False;False;True;True;False
54;53;53;95,38;94,86729812088534;0,5127018791146583;0,5127018791146583;0,26286321684770164;0,5127018791146583;276,1080986416819;2;50,0;20,0;513,31;1,64;560,0;13995,0;False;False;False;True;True;False
25;24;24;107,74;107,24128843555043;0,49871156444956455;0,49871156444956455;0,24871322451573216;0,49871156444956455;279,3177712152252;2;15,26;5,82;549,49;1,03;168,0;19084,85;False;False;False;True;True;False
60;59;59;82,61;82,31542670867266;0,2945732913273389;0,2945732913273389;0,08677342396342128;0,2945732913273389;277,00327810633024;2;50,0;20,0;439,93;1,8;560,0;12009,0;False;False;False;True;True;False
